ISO-10303-21;
HEADER;
/* Generated by software containing ST-Developer
 * from STEP Tools, Inc. (www.steptools.com) 
 */

FILE_DESCRIPTION(
/* description */ ('KiCad electronic assembly'),
/* implementation_level */ '2;1');

FILE_NAME(
/* name */ 'Module Case.step',
/* time_stamp */ '2026-09-01T16:06:41-04:00',
/* author */ (''),
/* organization */ (''),
/* preprocessor_version */ 'ST-DEVELOPER v20.1',
/* originating_system */ 'Autodesk Translation Framework v15.8.0.0',
/* authorisation */ '');

FILE_SCHEMA (('AUTOMOTIVE_DESIGN { 1 0 10303 214 3 1 1 }'));
ENDSEC;

DATA;
#10=MECHANICAL_DESIGN_GEOMETRIC_PRESENTATION_REPRESENTATION('',(#98,#99,
#100,#101,#102),#4544);
#11=ITEM_DEFINED_TRANSFORMATION($,$,#2700,#2757);
#12=ITEM_DEFINED_TRANSFORMATION($,$,#2606,#2793);
#13=ITEM_DEFINED_TRANSFORMATION($,$,#2699,#2794);
#14=ITEM_DEFINED_TRANSFORMATION($,$,#2758,#2795);
#15=(
REPRESENTATION_RELATIONSHIP($,$,#4566,#4565)
REPRESENTATION_RELATIONSHIP_WITH_TRANSFORMATION(#11)
SHAPE_REPRESENTATION_RELATIONSHIP()
);
#16=(
REPRESENTATION_RELATIONSHIP($,$,#4564,#4563)
REPRESENTATION_RELATIONSHIP_WITH_TRANSFORMATION(#12)
SHAPE_REPRESENTATION_RELATIONSHIP()
);
#17=(
REPRESENTATION_RELATIONSHIP($,$,#4565,#4563)
REPRESENTATION_RELATIONSHIP_WITH_TRANSFORMATION(#13)
SHAPE_REPRESENTATION_RELATIONSHIP()
);
#18=(
REPRESENTATION_RELATIONSHIP($,$,#4567,#4563)
REPRESENTATION_RELATIONSHIP_WITH_TRANSFORMATION(#14)
SHAPE_REPRESENTATION_RELATIONSHIP()
);
#19=CONTEXT_DEPENDENT_SHAPE_REPRESENTATION(#15,#4558);
#20=CONTEXT_DEPENDENT_SHAPE_REPRESENTATION(#16,#4560);
#21=CONTEXT_DEPENDENT_SHAPE_REPRESENTATION(#17,#4561);
#22=CONTEXT_DEPENDENT_SHAPE_REPRESENTATION(#18,#4562);
#23=NEXT_ASSEMBLY_USAGE_OCCURRENCE('Button Cap (2):1',
'Button Cap (2):1','Button Cap (2):1',#4571,#4572,'Button Cap (2):1');
#24=NEXT_ASSEMBLY_USAGE_OCCURRENCE('Case:1','Case:1','Case:1',#4569,#4570,
'Case:1');
#25=NEXT_ASSEMBLY_USAGE_OCCURRENCE('Button Cap (1):1',
'Button Cap (1):1','Button Cap (1):1',#4569,#4571,'Button Cap (1):1');
#26=NEXT_ASSEMBLY_USAGE_OCCURRENCE('Button Cap:4','Button Cap:4',
'Button Cap:4',#4569,#4573,'Button Cap:4');
#27=B_SPLINE_SURFACE_WITH_KNOTS('',3,1,((#3866,#3867),(#3868,#3869),(#3870,
#3871),(#3872,#3873),(#3874,#3875)),.UNSPECIFIED.,.F.,.F.,.F.,(4,1,4),(2,
2),(-0.0209982196991577,-0.0110280963618294,0.),(0.,0.05),.UNSPECIFIED.);
#28=B_SPLINE_SURFACE_WITH_KNOTS('',3,1,((#3889,#3890),(#3891,#3892),(#3893,
#3894),(#3895,#3896),(#3897,#3898)),.UNSPECIFIED.,.F.,.F.,.F.,(4,1,4),(2,
2),(-0.0187218277651077,-0.00938792972175775,0.),(0.,0.05),
 .UNSPECIFIED.);
#29=B_SPLINE_SURFACE_WITH_KNOTS('',3,1,((#3912,#3913),(#3914,#3915),(#3916,
#3917),(#3918,#3919),(#3920,#3921)),.UNSPECIFIED.,.F.,.F.,.F.,(4,1,4),(2,
2),(-0.0225948394645309,-0.0103036102350695,0.),(0.,0.05),.UNSPECIFIED.);
#30=B_SPLINE_SURFACE_WITH_KNOTS('',3,1,((#3935,#3936),(#3937,#3938),(#3939,
#3940),(#3941,#3942),(#3943,#3944)),.UNSPECIFIED.,.F.,.F.,.F.,(4,1,4),(2,
2),(-0.0272066192646463,-0.0148579788608271,0.),(0.,0.05),.UNSPECIFIED.);
#31=B_SPLINE_SURFACE_WITH_KNOTS('',3,1,((#3958,#3959),(#3960,#3961),(#3962,
#3963),(#3964,#3965),(#3966,#3967)),.UNSPECIFIED.,.F.,.F.,.F.,(4,1,4),(2,
2),(-0.0246763704292373,-0.0116354218128401,0.),(0.,0.05),.UNSPECIFIED.);
#32=B_SPLINE_SURFACE_WITH_KNOTS('',3,1,((#3981,#3982),(#3983,#3984),(#3985,
#3986),(#3987,#3988),(#3989,#3990)),.UNSPECIFIED.,.F.,.F.,.F.,(4,1,4),(2,
2),(-0.031761546750759,-0.0147179150260801,0.),(0.,0.05),.UNSPECIFIED.);
#33=B_SPLINE_SURFACE_WITH_KNOTS('',3,1,((#4004,#4005),(#4006,#4007),(#4008,
#4009),(#4010,#4011),(#4012,#4013)),.UNSPECIFIED.,.F.,.F.,.F.,(4,1,4),(2,
2),(-0.0411716782987314,-0.022187827055926,0.),(0.,0.05),.UNSPECIFIED.);
#34=B_SPLINE_SURFACE_WITH_KNOTS('',3,1,((#4027,#4028),(#4029,#4030),(#4031,
#4032),(#4033,#4034),(#4035,#4036)),.UNSPECIFIED.,.F.,.F.,.F.,(4,1,4),(2,
2),(-0.0404794012451857,-0.0188114141557799,0.),(0.,0.05),.UNSPECIFIED.);
#35=B_SPLINE_SURFACE_WITH_KNOTS('',3,1,((#4050,#4051),(#4052,#4053),(#4054,
#4055),(#4056,#4057),(#4058,#4059)),.UNSPECIFIED.,.F.,.F.,.F.,(4,1,4),(2,
2),(-0.0310355605090433,-0.0169818986290579,0.),(0.,0.05),.UNSPECIFIED.);
#36=B_SPLINE_SURFACE_WITH_KNOTS('',3,1,((#4073,#4074),(#4075,#4076),(#4077,
#4078),(#4079,#4080),(#4081,#4082)),.UNSPECIFIED.,.F.,.F.,.F.,(4,1,4),(2,
2),(-0.0288091744317596,-0.0135127714476045,0.),(0.,0.05),.UNSPECIFIED.);
#37=B_SPLINE_SURFACE_WITH_KNOTS('',3,1,((#4102,#4103),(#4104,#4105),(#4106,
#4107),(#4108,#4109),(#4110,#4111)),.UNSPECIFIED.,.F.,.F.,.F.,(4,1,4),(2,
2),(-0.00734996665594738,-0.00421941313692102,0.),(0.,0.05),
 .UNSPECIFIED.);
#38=B_SPLINE_SURFACE_WITH_KNOTS('',3,1,((#4125,#4126),(#4127,#4128),(#4129,
#4130),(#4131,#4132),(#4133,#4134)),.UNSPECIFIED.,.F.,.F.,.F.,(4,1,4),(2,
2),(-0.00842736035413855,-0.00426047305715687,0.),(0.,0.05),
 .UNSPECIFIED.);
#39=B_SPLINE_SURFACE_WITH_KNOTS('',3,1,((#4148,#4149),(#4150,#4151),(#4152,
#4153),(#4154,#4155),(#4156,#4157)),.UNSPECIFIED.,.F.,.F.,.F.,(4,1,4),(2,
2),(-0.008666235014786,-0.00422372071279622,0.),(0.,0.05),.UNSPECIFIED.);
#40=B_SPLINE_SURFACE_WITH_KNOTS('',3,1,((#4171,#4172),(#4173,#4174),(#4175,
#4176),(#4177,#4178),(#4179,#4180)),.UNSPECIFIED.,.F.,.F.,.F.,(4,1,4),(2,
2),(-0.0188247010728379,-0.00951435806361264,0.),(0.,0.05),
 .UNSPECIFIED.);
#41=B_SPLINE_SURFACE_WITH_KNOTS('',3,1,((#4194,#4195),(#4196,#4197),(#4198,
#4199),(#4200,#4201),(#4202,#4203)),.UNSPECIFIED.,.F.,.F.,.F.,(4,1,4),(2,
2),(-0.0203388680670435,-0.00865823701880868,0.),(0.,0.05),
 .UNSPECIFIED.);
#42=B_SPLINE_SURFACE_WITH_KNOTS('',3,1,((#4217,#4218),(#4219,#4220),(#4221,
#4222),(#4223,#4224),(#4225,#4226)),.UNSPECIFIED.,.F.,.F.,.F.,(4,1,4),(2,
2),(-0.0236286289370214,-0.0140667161035479,0.),(0.,0.05),.UNSPECIFIED.);
#43=B_SPLINE_SURFACE_WITH_KNOTS('',3,1,((#4240,#4241),(#4242,#4243),(#4244,
#4245),(#4246,#4247),(#4248,#4249)),.UNSPECIFIED.,.F.,.F.,.F.,(4,1,4),(2,
2),(-0.0158939748586859,-0.0076315975931773,0.),(0.,0.05),.UNSPECIFIED.);
#44=B_SPLINE_SURFACE_WITH_KNOTS('',3,1,((#4263,#4264),(#4265,#4266),(#4267,
#4268),(#4269,#4270),(#4271,#4272)),.UNSPECIFIED.,.F.,.F.,.F.,(4,1,4),(2,
2),(-0.0146306281145539,-0.00788369233594741,0.),(0.,0.05),
 .UNSPECIFIED.);
#45=B_SPLINE_SURFACE_WITH_KNOTS('',3,1,((#4286,#4287),(#4288,#4289),(#4290,
#4291),(#4292,#4293),(#4294,#4295)),.UNSPECIFIED.,.F.,.F.,.F.,(4,1,4),(2,
2),(-0.01602372264563,-0.00725181424219485,0.),(0.,0.05),.UNSPECIFIED.);
#46=B_SPLINE_CURVE_WITH_KNOTS('',3,(#3752,#3753,#3754,#3755,#3756,#3757,
#3758,#3759),.UNSPECIFIED.,.F.,.F.,(4,2,2,4),(0.270011776102777,0.277899583748468,
0.287930852475009,0.290083952498885),.UNSPECIFIED.);
#47=B_SPLINE_CURVE_WITH_KNOTS('',3,(#3774,#3775,#3776,#3777,#3778,#3779,
#3780,#3781),.UNSPECIFIED.,.F.,.F.,(4,2,2,4),(0.0699317489714852,0.0720848489953603,
0.0821161177219021,0.0900039253675924),.UNSPECIFIED.);
#48=B_SPLINE_CURVE_WITH_KNOTS('',3,(#3877,#3878,#3879,#3880,#3881),
 .UNSPECIFIED.,.F.,.F.,(4,1,4),(0.,0.0110280963618294,0.0209982196991577),
 .UNSPECIFIED.);
#49=B_SPLINE_CURVE_WITH_KNOTS('',3,(#3883,#3884,#3885,#3886,#3887),
 .UNSPECIFIED.,.F.,.F.,(4,1,4),(-0.0209982196991577,-0.0110280963618294,
0.),.UNSPECIFIED.);
#50=B_SPLINE_CURVE_WITH_KNOTS('',3,(#3900,#3901,#3902,#3903,#3904),
 .UNSPECIFIED.,.F.,.F.,(4,1,4),(0.,0.00938792972175775,0.0187218277651077),
 .UNSPECIFIED.);
#51=B_SPLINE_CURVE_WITH_KNOTS('',3,(#3906,#3907,#3908,#3909,#3910),
 .UNSPECIFIED.,.F.,.F.,(4,1,4),(-0.0187218277651077,-0.00938792972175775,
0.),.UNSPECIFIED.);
#52=B_SPLINE_CURVE_WITH_KNOTS('',3,(#3923,#3924,#3925,#3926,#3927),
 .UNSPECIFIED.,.F.,.F.,(4,1,4),(0.,0.0103036102350695,0.0225948394645309),
 .UNSPECIFIED.);
#53=B_SPLINE_CURVE_WITH_KNOTS('',3,(#3929,#3930,#3931,#3932,#3933),
 .UNSPECIFIED.,.F.,.F.,(4,1,4),(-0.0225948394645309,-0.0103036102350695,
0.),.UNSPECIFIED.);
#54=B_SPLINE_CURVE_WITH_KNOTS('',3,(#3946,#3947,#3948,#3949,#3950),
 .UNSPECIFIED.,.F.,.F.,(4,1,4),(0.,0.0148579788608271,0.0272066192646463),
 .UNSPECIFIED.);
#55=B_SPLINE_CURVE_WITH_KNOTS('',3,(#3952,#3953,#3954,#3955,#3956),
 .UNSPECIFIED.,.F.,.F.,(4,1,4),(-0.0272066192646463,-0.0148579788608271,
0.),.UNSPECIFIED.);
#56=B_SPLINE_CURVE_WITH_KNOTS('',3,(#3969,#3970,#3971,#3972,#3973),
 .UNSPECIFIED.,.F.,.F.,(4,1,4),(0.,0.0116354218128401,0.0246763704292373),
 .UNSPECIFIED.);
#57=B_SPLINE_CURVE_WITH_KNOTS('',3,(#3975,#3976,#3977,#3978,#3979),
 .UNSPECIFIED.,.F.,.F.,(4,1,4),(-0.0246763704292373,-0.0116354218128401,
0.),.UNSPECIFIED.);
#58=B_SPLINE_CURVE_WITH_KNOTS('',3,(#3992,#3993,#3994,#3995,#3996),
 .UNSPECIFIED.,.F.,.F.,(4,1,4),(0.,0.0147179150260801,0.031761546750759),
 .UNSPECIFIED.);
#59=B_SPLINE_CURVE_WITH_KNOTS('',3,(#3998,#3999,#4000,#4001,#4002),
 .UNSPECIFIED.,.F.,.F.,(4,1,4),(-0.031761546750759,-0.0147179150260801,
0.),.UNSPECIFIED.);
#60=B_SPLINE_CURVE_WITH_KNOTS('',3,(#4015,#4016,#4017,#4018,#4019),
 .UNSPECIFIED.,.F.,.F.,(4,1,4),(0.,0.022187827055926,0.0411716782987314),
 .UNSPECIFIED.);
#61=B_SPLINE_CURVE_WITH_KNOTS('',3,(#4021,#4022,#4023,#4024,#4025),
 .UNSPECIFIED.,.F.,.F.,(4,1,4),(-0.0411716782987314,-0.022187827055926,
0.),.UNSPECIFIED.);
#62=B_SPLINE_CURVE_WITH_KNOTS('',3,(#4038,#4039,#4040,#4041,#4042),
 .UNSPECIFIED.,.F.,.F.,(4,1,4),(0.,0.0188114141557799,0.0404794012451857),
 .UNSPECIFIED.);
#63=B_SPLINE_CURVE_WITH_KNOTS('',3,(#4044,#4045,#4046,#4047,#4048),
 .UNSPECIFIED.,.F.,.F.,(4,1,4),(-0.0404794012451857,-0.0188114141557799,
0.),.UNSPECIFIED.);
#64=B_SPLINE_CURVE_WITH_KNOTS('',3,(#4061,#4062,#4063,#4064,#4065),
 .UNSPECIFIED.,.F.,.F.,(4,1,4),(0.,0.0169818986290579,0.0310355605090433),
 .UNSPECIFIED.);
#65=B_SPLINE_CURVE_WITH_KNOTS('',3,(#4067,#4068,#4069,#4070,#4071),
 .UNSPECIFIED.,.F.,.F.,(4,1,4),(-0.0310355605090433,-0.0169818986290579,
0.),.UNSPECIFIED.);
#66=B_SPLINE_CURVE_WITH_KNOTS('',3,(#4084,#4085,#4086,#4087,#4088),
 .UNSPECIFIED.,.F.,.F.,(4,1,4),(0.,0.0135127714476045,0.0288091744317596),
 .UNSPECIFIED.);
#67=B_SPLINE_CURVE_WITH_KNOTS('',3,(#4090,#4091,#4092,#4093,#4094),
 .UNSPECIFIED.,.F.,.F.,(4,1,4),(-0.0288091744317596,-0.0135127714476045,
0.),.UNSPECIFIED.);
#68=B_SPLINE_CURVE_WITH_KNOTS('',3,(#4113,#4114,#4115,#4116,#4117),
 .UNSPECIFIED.,.F.,.F.,(4,1,4),(0.,0.00421941313692102,0.00734996665594738),
 .UNSPECIFIED.);
#69=B_SPLINE_CURVE_WITH_KNOTS('',3,(#4119,#4120,#4121,#4122,#4123),
 .UNSPECIFIED.,.F.,.F.,(4,1,4),(-0.00734996665594738,-0.00421941313692102,
0.),.UNSPECIFIED.);
#70=B_SPLINE_CURVE_WITH_KNOTS('',3,(#4136,#4137,#4138,#4139,#4140),
 .UNSPECIFIED.,.F.,.F.,(4,1,4),(0.,0.00426047305715687,0.00842736035413855),
 .UNSPECIFIED.);
#71=B_SPLINE_CURVE_WITH_KNOTS('',3,(#4142,#4143,#4144,#4145,#4146),
 .UNSPECIFIED.,.F.,.F.,(4,1,4),(-0.00842736035413855,-0.00426047305715687,
0.),.UNSPECIFIED.);
#72=B_SPLINE_CURVE_WITH_KNOTS('',3,(#4159,#4160,#4161,#4162,#4163),
 .UNSPECIFIED.,.F.,.F.,(4,1,4),(0.,0.00422372071279622,0.008666235014786),
 .UNSPECIFIED.);
#73=B_SPLINE_CURVE_WITH_KNOTS('',3,(#4165,#4166,#4167,#4168,#4169),
 .UNSPECIFIED.,.F.,.F.,(4,1,4),(-0.008666235014786,-0.00422372071279622,
0.),.UNSPECIFIED.);
#74=B_SPLINE_CURVE_WITH_KNOTS('',3,(#4182,#4183,#4184,#4185,#4186),
 .UNSPECIFIED.,.F.,.F.,(4,1,4),(0.,0.00951435806361264,0.0188247010728379),
 .UNSPECIFIED.);
#75=B_SPLINE_CURVE_WITH_KNOTS('',3,(#4188,#4189,#4190,#4191,#4192),
 .UNSPECIFIED.,.F.,.F.,(4,1,4),(-0.0188247010728379,-0.00951435806361264,
0.),.UNSPECIFIED.);
#76=B_SPLINE_CURVE_WITH_KNOTS('',3,(#4205,#4206,#4207,#4208,#4209),
 .UNSPECIFIED.,.F.,.F.,(4,1,4),(0.,0.00865823701880868,0.0203388680670435),
 .UNSPECIFIED.);
#77=B_SPLINE_CURVE_WITH_KNOTS('',3,(#4211,#4212,#4213,#4214,#4215),
 .UNSPECIFIED.,.F.,.F.,(4,1,4),(-0.0203388680670435,-0.00865823701880868,
0.),.UNSPECIFIED.);
#78=B_SPLINE_CURVE_WITH_KNOTS('',3,(#4228,#4229,#4230,#4231,#4232),
 .UNSPECIFIED.,.F.,.F.,(4,1,4),(0.,0.0140667161035479,0.0236286289370214),
 .UNSPECIFIED.);
#79=B_SPLINE_CURVE_WITH_KNOTS('',3,(#4234,#4235,#4236,#4237,#4238),
 .UNSPECIFIED.,.F.,.F.,(4,1,4),(-0.0236286289370214,-0.0140667161035479,
0.),.UNSPECIFIED.);
#80=B_SPLINE_CURVE_WITH_KNOTS('',3,(#4251,#4252,#4253,#4254,#4255),
 .UNSPECIFIED.,.F.,.F.,(4,1,4),(0.,0.0076315975931773,0.0158939748586859),
 .UNSPECIFIED.);
#81=B_SPLINE_CURVE_WITH_KNOTS('',3,(#4257,#4258,#4259,#4260,#4261),
 .UNSPECIFIED.,.F.,.F.,(4,1,4),(-0.0158939748586859,-0.0076315975931773,
0.),.UNSPECIFIED.);
#82=B_SPLINE_CURVE_WITH_KNOTS('',3,(#4274,#4275,#4276,#4277,#4278),
 .UNSPECIFIED.,.F.,.F.,(4,1,4),(0.,0.00788369233594741,0.0146306281145539),
 .UNSPECIFIED.);
#83=B_SPLINE_CURVE_WITH_KNOTS('',3,(#4280,#4281,#4282,#4283,#4284),
 .UNSPECIFIED.,.F.,.F.,(4,1,4),(-0.0146306281145539,-0.00788369233594741,
0.),.UNSPECIFIED.);
#84=B_SPLINE_CURVE_WITH_KNOTS('',3,(#4296,#4297,#4298,#4299,#4300),
 .UNSPECIFIED.,.F.,.F.,(4,1,4),(0.,0.00725181424219485,0.01602372264563),
 .UNSPECIFIED.);
#85=B_SPLINE_CURVE_WITH_KNOTS('',3,(#4301,#4302,#4303,#4304,#4305),
 .UNSPECIFIED.,.F.,.F.,(4,1,4),(-0.01602372264563,-0.00725181424219485,
0.),.UNSPECIFIED.);
#86=B_SPLINE_CURVE_WITH_KNOTS('',3,(#4410,#4411,#4412,#4413,#4414,#4415),
 .UNSPECIFIED.,.F.,.F.,(4,2,4),(0.578894787130568,0.596944496297169,0.596970723039846),
 .UNSPECIFIED.);
#87=B_SPLINE_CURVE_WITH_KNOTS('',3,(#4430,#4431,#4432,#4433,#4434,#4435),
 .UNSPECIFIED.,.F.,.F.,(4,2,4),(0.174888993134245,0.174915219876922,0.192964929043523),
 .UNSPECIFIED.);
#88=SHAPE_REPRESENTATION_RELATIONSHIP('SRR','None',#4564,#93);
#89=SHAPE_REPRESENTATION_RELATIONSHIP('SRR','None',#4566,#94);
#90=SHAPE_REPRESENTATION_RELATIONSHIP('SRR','None',#4565,#95);
#91=SHAPE_REPRESENTATION_RELATIONSHIP('SRR','None',#4567,#96);
#92=SHAPE_REPRESENTATION_RELATIONSHIP('SRR','None',#4563,#97);
#93=ADVANCED_BREP_SHAPE_REPRESENTATION('',(#103),#4540);
#94=ADVANCED_BREP_SHAPE_REPRESENTATION('',(#104),#4542);
#95=ADVANCED_BREP_SHAPE_REPRESENTATION('',(#105),#4541);
#96=ADVANCED_BREP_SHAPE_REPRESENTATION('',(#106),#4543);
#97=ADVANCED_BREP_SHAPE_REPRESENTATION('',(#107),#4539);
#98=STYLED_ITEM('',(#4592),#103);
#99=STYLED_ITEM('',(#4592),#104);
#100=STYLED_ITEM('',(#4592),#105);
#101=STYLED_ITEM('',(#4592),#106);
#102=STYLED_ITEM('',(#4592),#107);
#103=MANIFOLD_SOLID_BREP('Body1',#2566);
#104=MANIFOLD_SOLID_BREP('Body1',#2567);
#105=MANIFOLD_SOLID_BREP('Body1',#2568);
#106=MANIFOLD_SOLID_BREP('Body1',#2569);
#107=MANIFOLD_SOLID_BREP('Body1',#2570);
#108=TOROIDAL_SURFACE('',#2643,3.41227770728999,0.25);
#109=TOROIDAL_SURFACE('',#2649,3.41227770728999,0.25);
#110=TOROIDAL_SURFACE('',#2658,3.99942864525346,0.5);
#111=TOROIDAL_SURFACE('',#2671,4.00000005215406,0.5);
#112=TOROIDAL_SURFACE('',#2705,2.371875,0.8625);
#113=TOROIDAL_SURFACE('',#2745,2.0625,0.75);
#114=TOROIDAL_SURFACE('',#2763,2.371875,0.8625);
#115=FACE_BOUND('',#280,.T.);
#116=FACE_BOUND('',#298,.T.);
#117=FACE_BOUND('',#299,.T.);
#118=FACE_BOUND('',#300,.T.);
#119=FACE_BOUND('',#339,.T.);
#120=FACE_BOUND('',#388,.T.);
#121=FACE_BOUND('',#389,.T.);
#122=FACE_BOUND('',#390,.T.);
#123=FACE_BOUND('',#393,.T.);
#124=FACE_BOUND('',#413,.T.);
#125=CYLINDRICAL_SURFACE('',#2609,1.10453607703042);
#126=CYLINDRICAL_SURFACE('',#2639,1.);
#127=CYLINDRICAL_SURFACE('',#2646,3.16227770728999);
#128=CYLINDRICAL_SURFACE('',#2662,3.49942864525346);
#129=CYLINDRICAL_SURFACE('',#2675,3.50000005215406);
#130=CYLINDRICAL_SURFACE('',#2689,1.);
#131=CYLINDRICAL_SURFACE('',#2690,1.);
#132=CYLINDRICAL_SURFACE('',#2691,1.);
#133=CYLINDRICAL_SURFACE('',#2714,3.234375);
#134=CYLINDRICAL_SURFACE('',#2717,4.096875);
#135=CYLINDRICAL_SURFACE('',#2749,2.8125);
#136=CYLINDRICAL_SURFACE('',#2752,3.5625);
#137=CYLINDRICAL_SURFACE('',#2780,3.234375);
#138=CYLINDRICAL_SURFACE('',#2783,4.096875);
#139=CYLINDRICAL_SURFACE('',#2788,1.09999997541308);
#140=FACE_OUTER_BOUND('',#275,.T.);
#141=FACE_OUTER_BOUND('',#276,.T.);
#142=FACE_OUTER_BOUND('',#277,.T.);
#143=FACE_OUTER_BOUND('',#278,.T.);
#144=FACE_OUTER_BOUND('',#279,.T.);
#145=FACE_OUTER_BOUND('',#281,.T.);
#146=FACE_OUTER_BOUND('',#282,.T.);
#147=FACE_OUTER_BOUND('',#283,.T.);
#148=FACE_OUTER_BOUND('',#284,.T.);
#149=FACE_OUTER_BOUND('',#285,.T.);
#150=FACE_OUTER_BOUND('',#286,.T.);
#151=FACE_OUTER_BOUND('',#287,.T.);
#152=FACE_OUTER_BOUND('',#288,.T.);
#153=FACE_OUTER_BOUND('',#289,.T.);
#154=FACE_OUTER_BOUND('',#290,.T.);
#155=FACE_OUTER_BOUND('',#291,.T.);
#156=FACE_OUTER_BOUND('',#292,.T.);
#157=FACE_OUTER_BOUND('',#293,.T.);
#158=FACE_OUTER_BOUND('',#294,.T.);
#159=FACE_OUTER_BOUND('',#295,.T.);
#160=FACE_OUTER_BOUND('',#296,.T.);
#161=FACE_OUTER_BOUND('',#297,.T.);
#162=FACE_OUTER_BOUND('',#301,.T.);
#163=FACE_OUTER_BOUND('',#302,.T.);
#164=FACE_OUTER_BOUND('',#303,.T.);
#165=FACE_OUTER_BOUND('',#304,.T.);
#166=FACE_OUTER_BOUND('',#305,.T.);
#167=FACE_OUTER_BOUND('',#306,.T.);
#168=FACE_OUTER_BOUND('',#307,.T.);
#169=FACE_OUTER_BOUND('',#308,.T.);
#170=FACE_OUTER_BOUND('',#309,.T.);
#171=FACE_OUTER_BOUND('',#310,.T.);
#172=FACE_OUTER_BOUND('',#311,.T.);
#173=FACE_OUTER_BOUND('',#312,.T.);
#174=FACE_OUTER_BOUND('',#313,.T.);
#175=FACE_OUTER_BOUND('',#314,.T.);
#176=FACE_OUTER_BOUND('',#315,.T.);
#177=FACE_OUTER_BOUND('',#316,.T.);
#178=FACE_OUTER_BOUND('',#317,.T.);
#179=FACE_OUTER_BOUND('',#318,.T.);
#180=FACE_OUTER_BOUND('',#319,.T.);
#181=FACE_OUTER_BOUND('',#320,.T.);
#182=FACE_OUTER_BOUND('',#321,.T.);
#183=FACE_OUTER_BOUND('',#322,.T.);
#184=FACE_OUTER_BOUND('',#323,.T.);
#185=FACE_OUTER_BOUND('',#324,.T.);
#186=FACE_OUTER_BOUND('',#325,.T.);
#187=FACE_OUTER_BOUND('',#326,.T.);
#188=FACE_OUTER_BOUND('',#327,.T.);
#189=FACE_OUTER_BOUND('',#328,.T.);
#190=FACE_OUTER_BOUND('',#329,.T.);
#191=FACE_OUTER_BOUND('',#330,.T.);
#192=FACE_OUTER_BOUND('',#331,.T.);
#193=FACE_OUTER_BOUND('',#332,.T.);
#194=FACE_OUTER_BOUND('',#333,.T.);
#195=FACE_OUTER_BOUND('',#334,.T.);
#196=FACE_OUTER_BOUND('',#335,.T.);
#197=FACE_OUTER_BOUND('',#336,.T.);
#198=FACE_OUTER_BOUND('',#337,.T.);
#199=FACE_OUTER_BOUND('',#338,.T.);
#200=FACE_OUTER_BOUND('',#340,.T.);
#201=FACE_OUTER_BOUND('',#341,.T.);
#202=FACE_OUTER_BOUND('',#342,.T.);
#203=FACE_OUTER_BOUND('',#343,.T.);
#204=FACE_OUTER_BOUND('',#344,.T.);
#205=FACE_OUTER_BOUND('',#345,.T.);
#206=FACE_OUTER_BOUND('',#346,.T.);
#207=FACE_OUTER_BOUND('',#347,.T.);
#208=FACE_OUTER_BOUND('',#348,.T.);
#209=FACE_OUTER_BOUND('',#349,.T.);
#210=FACE_OUTER_BOUND('',#350,.T.);
#211=FACE_OUTER_BOUND('',#351,.T.);
#212=FACE_OUTER_BOUND('',#352,.T.);
#213=FACE_OUTER_BOUND('',#353,.T.);
#214=FACE_OUTER_BOUND('',#354,.T.);
#215=FACE_OUTER_BOUND('',#355,.T.);
#216=FACE_OUTER_BOUND('',#356,.T.);
#217=FACE_OUTER_BOUND('',#357,.T.);
#218=FACE_OUTER_BOUND('',#358,.T.);
#219=FACE_OUTER_BOUND('',#359,.T.);
#220=FACE_OUTER_BOUND('',#360,.T.);
#221=FACE_OUTER_BOUND('',#361,.T.);
#222=FACE_OUTER_BOUND('',#362,.T.);
#223=FACE_OUTER_BOUND('',#363,.T.);
#224=FACE_OUTER_BOUND('',#364,.T.);
#225=FACE_OUTER_BOUND('',#365,.T.);
#226=FACE_OUTER_BOUND('',#366,.T.);
#227=FACE_OUTER_BOUND('',#367,.T.);
#228=FACE_OUTER_BOUND('',#368,.T.);
#229=FACE_OUTER_BOUND('',#369,.T.);
#230=FACE_OUTER_BOUND('',#370,.T.);
#231=FACE_OUTER_BOUND('',#371,.T.);
#232=FACE_OUTER_BOUND('',#372,.T.);
#233=FACE_OUTER_BOUND('',#373,.T.);
#234=FACE_OUTER_BOUND('',#374,.T.);
#235=FACE_OUTER_BOUND('',#375,.T.);
#236=FACE_OUTER_BOUND('',#376,.T.);
#237=FACE_OUTER_BOUND('',#377,.T.);
#238=FACE_OUTER_BOUND('',#378,.T.);
#239=FACE_OUTER_BOUND('',#379,.T.);
#240=FACE_OUTER_BOUND('',#380,.T.);
#241=FACE_OUTER_BOUND('',#381,.T.);
#242=FACE_OUTER_BOUND('',#382,.T.);
#243=FACE_OUTER_BOUND('',#383,.T.);
#244=FACE_OUTER_BOUND('',#384,.T.);
#245=FACE_OUTER_BOUND('',#385,.T.);
#246=FACE_OUTER_BOUND('',#386,.T.);
#247=FACE_OUTER_BOUND('',#387,.T.);
#248=FACE_OUTER_BOUND('',#391,.T.);
#249=FACE_OUTER_BOUND('',#392,.T.);
#250=FACE_OUTER_BOUND('',#394,.T.);
#251=FACE_OUTER_BOUND('',#395,.T.);
#252=FACE_OUTER_BOUND('',#396,.T.);
#253=FACE_OUTER_BOUND('',#397,.T.);
#254=FACE_OUTER_BOUND('',#398,.T.);
#255=FACE_OUTER_BOUND('',#399,.T.);
#256=FACE_OUTER_BOUND('',#400,.T.);
#257=FACE_OUTER_BOUND('',#401,.T.);
#258=FACE_OUTER_BOUND('',#402,.T.);
#259=FACE_OUTER_BOUND('',#403,.T.);
#260=FACE_OUTER_BOUND('',#404,.T.);
#261=FACE_OUTER_BOUND('',#405,.T.);
#262=FACE_OUTER_BOUND('',#406,.T.);
#263=FACE_OUTER_BOUND('',#407,.T.);
#264=FACE_OUTER_BOUND('',#408,.T.);
#265=FACE_OUTER_BOUND('',#409,.T.);
#266=FACE_OUTER_BOUND('',#410,.T.);
#267=FACE_OUTER_BOUND('',#411,.T.);
#268=FACE_OUTER_BOUND('',#412,.T.);
#269=FACE_OUTER_BOUND('',#414,.T.);
#270=FACE_OUTER_BOUND('',#415,.T.);
#271=FACE_OUTER_BOUND('',#416,.T.);
#272=FACE_OUTER_BOUND('',#417,.T.);
#273=FACE_OUTER_BOUND('',#418,.T.);
#274=FACE_OUTER_BOUND('',#419,.T.);
#275=EDGE_LOOP('',(#1607,#1608));
#276=EDGE_LOOP('',(#1609,#1610,#1611,#1612,#1613,#1614,#1615,#1616,#1617,
#1618,#1619,#1620));
#277=EDGE_LOOP('',(#1621,#1622,#1623,#1624));
#278=EDGE_LOOP('',(#1625,#1626,#1627,#1628));
#279=EDGE_LOOP('',(#1629,#1630,#1631,#1632,#1633,#1634,#1635,#1636,#1637,
#1638,#1639,#1640));
#280=EDGE_LOOP('',(#1641));
#281=EDGE_LOOP('',(#1642,#1643,#1644,#1645));
#282=EDGE_LOOP('',(#1646,#1647,#1648,#1649,#1650,#1651));
#283=EDGE_LOOP('',(#1652,#1653,#1654,#1655));
#284=EDGE_LOOP('',(#1656,#1657,#1658,#1659));
#285=EDGE_LOOP('',(#1660,#1661,#1662,#1663));
#286=EDGE_LOOP('',(#1664,#1665,#1666,#1667,#1668,#1669,#1670,#1671,#1672,
#1673,#1674,#1675));
#287=EDGE_LOOP('',(#1676,#1677,#1678,#1679));
#288=EDGE_LOOP('',(#1680,#1681,#1682,#1683,#1684,#1685,#1686));
#289=EDGE_LOOP('',(#1687,#1688,#1689,#1690));
#290=EDGE_LOOP('',(#1691,#1692,#1693,#1694,#1695,#1696,#1697));
#291=EDGE_LOOP('',(#1698,#1699,#1700,#1701));
#292=EDGE_LOOP('',(#1702,#1703,#1704,#1705,#1706,#1707,#1708,#1709));
#293=EDGE_LOOP('',(#1710,#1711,#1712,#1713,#1714,#1715,#1716,#1717));
#294=EDGE_LOOP('',(#1718,#1719,#1720,#1721));
#295=EDGE_LOOP('',(#1722,#1723,#1724,#1725,#1726));
#296=EDGE_LOOP('',(#1727,#1728,#1729,#1730,#1731));
#297=EDGE_LOOP('',(#1732,#1733,#1734,#1735,#1736,#1737,#1738,#1739));
#298=EDGE_LOOP('',(#1740));
#299=EDGE_LOOP('',(#1741));
#300=EDGE_LOOP('',(#1742));
#301=EDGE_LOOP('',(#1743,#1744,#1745,#1746,#1747));
#302=EDGE_LOOP('',(#1748,#1749,#1750,#1751,#1752,#1753,#1754,#1755,#1756,
#1757,#1758,#1759,#1760));
#303=EDGE_LOOP('',(#1761,#1762,#1763,#1764,#1765,#1766));
#304=EDGE_LOOP('',(#1767,#1768,#1769,#1770));
#305=EDGE_LOOP('',(#1771,#1772,#1773,#1774));
#306=EDGE_LOOP('',(#1775,#1776,#1777,#1778));
#307=EDGE_LOOP('',(#1779,#1780,#1781,#1782));
#308=EDGE_LOOP('',(#1783,#1784,#1785,#1786,#1787));
#309=EDGE_LOOP('',(#1788,#1789,#1790,#1791,#1792,#1793,#1794,#1795,#1796,
#1797,#1798,#1799,#1800,#1801));
#310=EDGE_LOOP('',(#1802,#1803,#1804,#1805,#1806,#1807));
#311=EDGE_LOOP('',(#1808,#1809,#1810,#1811));
#312=EDGE_LOOP('',(#1812,#1813,#1814,#1815));
#313=EDGE_LOOP('',(#1816,#1817,#1818,#1819));
#314=EDGE_LOOP('',(#1820,#1821,#1822,#1823,#1824,#1825,#1826,#1827,#1828));
#315=EDGE_LOOP('',(#1829,#1830,#1831,#1832));
#316=EDGE_LOOP('',(#1833,#1834,#1835,#1836,#1837,#1838,#1839,#1840,#1841));
#317=EDGE_LOOP('',(#1842,#1843,#1844,#1845,#1846,#1847,#1848));
#318=EDGE_LOOP('',(#1849,#1850,#1851,#1852,#1853,#1854,#1855,#1856));
#319=EDGE_LOOP('',(#1857,#1858,#1859,#1860,#1861));
#320=EDGE_LOOP('',(#1862,#1863,#1864,#1865));
#321=EDGE_LOOP('',(#1866,#1867,#1868,#1869));
#322=EDGE_LOOP('',(#1870,#1871,#1872,#1873));
#323=EDGE_LOOP('',(#1874,#1875,#1876,#1877,#1878,#1879));
#324=EDGE_LOOP('',(#1880,#1881,#1882,#1883,#1884,#1885,#1886,#1887));
#325=EDGE_LOOP('',(#1888,#1889,#1890,#1891));
#326=EDGE_LOOP('',(#1892,#1893,#1894,#1895,#1896,#1897,#1898,#1899,#1900));
#327=EDGE_LOOP('',(#1901,#1902,#1903,#1904,#1905,#1906));
#328=EDGE_LOOP('',(#1907,#1908,#1909,#1910,#1911,#1912));
#329=EDGE_LOOP('',(#1913,#1914,#1915));
#330=EDGE_LOOP('',(#1916,#1917,#1918,#1919,#1920,#1921,#1922,#1923,#1924,
#1925));
#331=EDGE_LOOP('',(#1926,#1927,#1928,#1929,#1930,#1931,#1932,#1933));
#332=EDGE_LOOP('',(#1934,#1935,#1936,#1937));
#333=EDGE_LOOP('',(#1938,#1939,#1940,#1941));
#334=EDGE_LOOP('',(#1942,#1943,#1944,#1945));
#335=EDGE_LOOP('',(#1946,#1947,#1948,#1949));
#336=EDGE_LOOP('',(#1950,#1951,#1952,#1953));
#337=EDGE_LOOP('',(#1954,#1955,#1956,#1957));
#338=EDGE_LOOP('',(#1958));
#339=EDGE_LOOP('',(#1959,#1960,#1961,#1962));
#340=EDGE_LOOP('',(#1963,#1964,#1965,#1966));
#341=EDGE_LOOP('',(#1967,#1968,#1969,#1970));
#342=EDGE_LOOP('',(#1971,#1972));
#343=EDGE_LOOP('',(#1973,#1974,#1975,#1976));
#344=EDGE_LOOP('',(#1977,#1978,#1979,#1980));
#345=EDGE_LOOP('',(#1981,#1982,#1983,#1984));
#346=EDGE_LOOP('',(#1985,#1986,#1987,#1988));
#347=EDGE_LOOP('',(#1989,#1990,#1991,#1992));
#348=EDGE_LOOP('',(#1993,#1994,#1995,#1996));
#349=EDGE_LOOP('',(#1997,#1998,#1999,#2000,#2001,#2002));
#350=EDGE_LOOP('',(#2003,#2004,#2005,#2006));
#351=EDGE_LOOP('',(#2007,#2008,#2009,#2010));
#352=EDGE_LOOP('',(#2011,#2012,#2013,#2014));
#353=EDGE_LOOP('',(#2015,#2016,#2017,#2018));
#354=EDGE_LOOP('',(#2019,#2020,#2021,#2022));
#355=EDGE_LOOP('',(#2023,#2024,#2025,#2026));
#356=EDGE_LOOP('',(#2027,#2028,#2029,#2030));
#357=EDGE_LOOP('',(#2031,#2032,#2033,#2034));
#358=EDGE_LOOP('',(#2035,#2036,#2037,#2038));
#359=EDGE_LOOP('',(#2039,#2040,#2041,#2042));
#360=EDGE_LOOP('',(#2043,#2044,#2045,#2046));
#361=EDGE_LOOP('',(#2047,#2048,#2049,#2050));
#362=EDGE_LOOP('',(#2051,#2052,#2053,#2054));
#363=EDGE_LOOP('',(#2055,#2056,#2057,#2058));
#364=EDGE_LOOP('',(#2059,#2060,#2061,#2062));
#365=EDGE_LOOP('',(#2063,#2064,#2065,#2066));
#366=EDGE_LOOP('',(#2067,#2068,#2069,#2070));
#367=EDGE_LOOP('',(#2071,#2072,#2073,#2074));
#368=EDGE_LOOP('',(#2075,#2076,#2077,#2078));
#369=EDGE_LOOP('',(#2079,#2080,#2081,#2082));
#370=EDGE_LOOP('',(#2083,#2084,#2085,#2086));
#371=EDGE_LOOP('',(#2087,#2088,#2089,#2090,#2091,#2092,#2093,#2094,#2095,
#2096,#2097,#2098,#2099,#2100,#2101,#2102,#2103,#2104,#2105,#2106,#2107));
#372=EDGE_LOOP('',(#2108,#2109,#2110,#2111));
#373=EDGE_LOOP('',(#2112,#2113,#2114,#2115));
#374=EDGE_LOOP('',(#2116,#2117,#2118,#2119));
#375=EDGE_LOOP('',(#2120,#2121,#2122,#2123));
#376=EDGE_LOOP('',(#2124,#2125,#2126,#2127));
#377=EDGE_LOOP('',(#2128,#2129,#2130,#2131));
#378=EDGE_LOOP('',(#2132,#2133,#2134,#2135));
#379=EDGE_LOOP('',(#2136,#2137,#2138,#2139));
#380=EDGE_LOOP('',(#2140,#2141,#2142,#2143));
#381=EDGE_LOOP('',(#2144,#2145,#2146,#2147));
#382=EDGE_LOOP('',(#2148,#2149,#2150,#2151));
#383=EDGE_LOOP('',(#2152,#2153,#2154,#2155));
#384=EDGE_LOOP('',(#2156,#2157,#2158,#2159,#2160,#2161,#2162,#2163,#2164,
#2165,#2166,#2167));
#385=EDGE_LOOP('',(#2168,#2169,#2170,#2171));
#386=EDGE_LOOP('',(#2172,#2173,#2174,#2175));
#387=EDGE_LOOP('',(#2176));
#388=EDGE_LOOP('',(#2177,#2178,#2179,#2180,#2181,#2182));
#389=EDGE_LOOP('',(#2183,#2184,#2185,#2186,#2187,#2188,#2189,#2190,#2191,
#2192,#2193,#2194,#2195,#2196,#2197,#2198,#2199,#2200,#2201,#2202,#2203));
#390=EDGE_LOOP('',(#2204,#2205,#2206,#2207,#2208,#2209,#2210,#2211,#2212,
#2213,#2214,#2215));
#391=EDGE_LOOP('',(#2216,#2217,#2218,#2219));
#392=EDGE_LOOP('',(#2220));
#393=EDGE_LOOP('',(#2221));
#394=EDGE_LOOP('',(#2222));
#395=EDGE_LOOP('',(#2223,#2224,#2225));
#396=EDGE_LOOP('',(#2226,#2227,#2228,#2229,#2230,#2231,#2232,#2233,#2234,
#2235));
#397=EDGE_LOOP('',(#2236,#2237,#2238,#2239,#2240,#2241,#2242,#2243));
#398=EDGE_LOOP('',(#2244,#2245,#2246,#2247,#2248,#2249,#2250,#2251,#2252,
#2253,#2254,#2255));
#399=EDGE_LOOP('',(#2256,#2257,#2258,#2259));
#400=EDGE_LOOP('',(#2260,#2261,#2262,#2263));
#401=EDGE_LOOP('',(#2264,#2265,#2266,#2267));
#402=EDGE_LOOP('',(#2268,#2269,#2270,#2271));
#403=EDGE_LOOP('',(#2272,#2273,#2274,#2275));
#404=EDGE_LOOP('',(#2276,#2277,#2278,#2279));
#405=EDGE_LOOP('',(#2280,#2281,#2282,#2283));
#406=EDGE_LOOP('',(#2284,#2285,#2286,#2287));
#407=EDGE_LOOP('',(#2288,#2289,#2290,#2291));
#408=EDGE_LOOP('',(#2292,#2293,#2294,#2295));
#409=EDGE_LOOP('',(#2296,#2297,#2298,#2299));
#410=EDGE_LOOP('',(#2300,#2301,#2302,#2303));
#411=EDGE_LOOP('',(#2304,#2305,#2306,#2307));
#412=EDGE_LOOP('',(#2308));
#413=EDGE_LOOP('',(#2309,#2310,#2311,#2312,#2313,#2314,#2315,#2316,#2317,
#2318,#2319,#2320));
#414=EDGE_LOOP('',(#2321,#2322,#2323,#2324));
#415=EDGE_LOOP('',(#2325,#2326,#2327,#2328));
#416=EDGE_LOOP('',(#2329,#2330));
#417=EDGE_LOOP('',(#2331,#2332,#2333,#2334));
#418=EDGE_LOOP('',(#2335));
#419=EDGE_LOOP('',(#2336));
#420=CIRCLE('',#2608,1.10453607703042);
#421=CIRCLE('',#2610,1.10453607703042);
#422=CIRCLE('',#2611,1.10453607703042);
#423=CIRCLE('',#2612,1.10453607703042);
#424=CIRCLE('',#2613,1.10453607703042);
#425=CIRCLE('',#2614,1.10453607703042);
#426=CIRCLE('',#2616,3.50000005215406);
#427=CIRCLE('',#2619,3.50000005215406);
#428=CIRCLE('',#2620,3.50000005215406);
#429=CIRCLE('',#2621,3.49942864525346);
#430=CIRCLE('',#2622,3.49942864525346);
#431=CIRCLE('',#2623,3.41227770728999);
#432=CIRCLE('',#2629,3.50000005215406);
#433=CIRCLE('',#2631,3.49942864525346);
#434=CIRCLE('',#2634,1.);
#435=CIRCLE('',#2637,1.);
#436=CIRCLE('',#2640,1.);
#437=CIRCLE('',#2641,1.);
#438=CIRCLE('',#2644,0.25);
#439=CIRCLE('',#2645,3.16227770728999);
#440=CIRCLE('',#2647,3.16227770728999);
#441=CIRCLE('',#2648,3.16227770728999);
#442=CIRCLE('',#2650,3.41227770728999);
#443=CIRCLE('',#2651,0.25);
#444=CIRCLE('',#2653,1.);
#445=CIRCLE('',#2654,1.);
#446=CIRCLE('',#2655,1.);
#447=CIRCLE('',#2656,3.99942864525346);
#448=CIRCLE('',#2657,4.00000005215406);
#449=CIRCLE('',#2659,0.5);
#450=CIRCLE('',#2660,3.49942864525346);
#451=CIRCLE('',#2661,3.49942864525346);
#452=CIRCLE('',#2663,3.49942864525346);
#453=CIRCLE('',#2664,3.49942864525346);
#454=CIRCLE('',#2668,3.50000005215406);
#455=CIRCLE('',#2672,0.5);
#456=CIRCLE('',#2673,3.50000005215406);
#457=CIRCLE('',#2674,3.50000005215406);
#458=CIRCLE('',#2676,3.50000005215406);
#459=CIRCLE('',#2685,1.);
#460=CIRCLE('',#2688,1.);
#461=CIRCLE('',#2692,1.);
#462=CIRCLE('',#2702,3.21401538747952);
#463=CIRCLE('',#2703,3.21401538747952);
#464=CIRCLE('',#2706,0.8625);
#465=CIRCLE('',#2707,2.371875);
#466=CIRCLE('',#2708,3.234375);
#467=CIRCLE('',#2715,3.234375);
#468=CIRCLE('',#2718,4.096875);
#469=CIRCLE('',#2719,4.096875);
#470=CIRCLE('',#2746,2.8125);
#471=CIRCLE('',#2747,0.75);
#472=CIRCLE('',#2748,2.0625);
#473=CIRCLE('',#2750,2.8125);
#474=CIRCLE('',#2753,3.5625);
#475=CIRCLE('',#2754,3.5625);
#476=CIRCLE('',#2760,3.21401538747952);
#477=CIRCLE('',#2761,3.21401538747952);
#478=CIRCLE('',#2764,0.8625);
#479=CIRCLE('',#2765,2.371875);
#480=CIRCLE('',#2766,3.234375);
#481=CIRCLE('',#2781,3.234375);
#482=CIRCLE('',#2784,4.096875);
#483=CIRCLE('',#2785,4.096875);
#484=CIRCLE('',#2789,1.09999997541308);
#485=CIRCLE('',#2790,1.09999997541308);
#486=LINE('',#3440,#743);
#487=LINE('',#3444,#744);
#488=LINE('',#3446,#745);
#489=LINE('',#3450,#746);
#490=LINE('',#3454,#747);
#491=LINE('',#3458,#748);
#492=LINE('',#3462,#749);
#493=LINE('',#3466,#750);
#494=LINE('',#3469,#751);
#495=LINE('',#3472,#752);
#496=LINE('',#3474,#753);
#497=LINE('',#3475,#754);
#498=LINE('',#3478,#755);
#499=LINE('',#3484,#756);
#500=LINE('',#3490,#757);
#501=LINE('',#3492,#758);
#502=LINE('',#3494,#759);
#503=LINE('',#3496,#760);
#504=LINE('',#3497,#761);
#505=LINE('',#3502,#762);
#506=LINE('',#3503,#763);
#507=LINE('',#3506,#764);
#508=LINE('',#3508,#765);
#509=LINE('',#3510,#766);
#510=LINE('',#3511,#767);
#511=LINE('',#3514,#768);
#512=LINE('',#3515,#769);
#513=LINE('',#3518,#770);
#514=LINE('',#3519,#771);
#515=LINE('',#3524,#772);
#516=LINE('',#3526,#773);
#517=LINE('',#3528,#774);
#518=LINE('',#3530,#775);
#519=LINE('',#3534,#776);
#520=LINE('',#3536,#777);
#521=LINE('',#3538,#778);
#522=LINE('',#3539,#779);
#523=LINE('',#3543,#780);
#524=LINE('',#3545,#781);
#525=LINE('',#3547,#782);
#526=LINE('',#3548,#783);
#527=LINE('',#3553,#784);
#528=LINE('',#3555,#785);
#529=LINE('',#3557,#786);
#530=LINE('',#3559,#787);
#531=LINE('',#3560,#788);
#532=LINE('',#3563,#789);
#533=LINE('',#3565,#790);
#534=LINE('',#3566,#791);
#535=LINE('',#3570,#792);
#536=LINE('',#3572,#793);
#537=LINE('',#3574,#794);
#538=LINE('',#3575,#795);
#539=LINE('',#3577,#796);
#540=LINE('',#3580,#797);
#541=LINE('',#3584,#798);
#542=LINE('',#3587,#799);
#543=LINE('',#3589,#800);
#544=LINE('',#3591,#801);
#545=LINE('',#3593,#802);
#546=LINE('',#3594,#803);
#547=LINE('',#3603,#804);
#548=LINE('',#3613,#805);
#549=LINE('',#3615,#806);
#550=LINE('',#3619,#807);
#551=LINE('',#3622,#808);
#552=LINE('',#3634,#809);
#553=LINE('',#3635,#810);
#554=LINE('',#3637,#811);
#555=LINE('',#3641,#812);
#556=LINE('',#3644,#813);
#557=LINE('',#3647,#814);
#558=LINE('',#3649,#815);
#559=LINE('',#3650,#816);
#560=LINE('',#3653,#817);
#561=LINE('',#3655,#818);
#562=LINE('',#3656,#819);
#563=LINE('',#3659,#820);
#564=LINE('',#3662,#821);
#565=LINE('',#3664,#822);
#566=LINE('',#3673,#823);
#567=LINE('',#3676,#824);
#568=LINE('',#3677,#825);
#569=LINE('',#3679,#826);
#570=LINE('',#3680,#827);
#571=LINE('',#3685,#828);
#572=LINE('',#3687,#829);
#573=LINE('',#3688,#830);
#574=LINE('',#3690,#831);
#575=LINE('',#3693,#832);
#576=LINE('',#3695,#833);
#577=LINE('',#3697,#834);
#578=LINE('',#3699,#835);
#579=LINE('',#3701,#836);
#580=LINE('',#3702,#837);
#581=LINE('',#3705,#838);
#582=LINE('',#3708,#839);
#583=LINE('',#3711,#840);
#584=LINE('',#3713,#841);
#585=LINE('',#3714,#842);
#586=LINE('',#3715,#843);
#587=LINE('',#3717,#844);
#588=LINE('',#3719,#845);
#589=LINE('',#3722,#846);
#590=LINE('',#3724,#847);
#591=LINE('',#3727,#848);
#592=LINE('',#3730,#849);
#593=LINE('',#3732,#850);
#594=LINE('',#3733,#851);
#595=LINE('',#3734,#852);
#596=LINE('',#3737,#853);
#597=LINE('',#3748,#854);
#598=LINE('',#3761,#855);
#599=LINE('',#3763,#856);
#600=LINE('',#3765,#857);
#601=LINE('',#3767,#858);
#602=LINE('',#3769,#859);
#603=LINE('',#3771,#860);
#604=LINE('',#3773,#861);
#605=LINE('',#3790,#862);
#606=LINE('',#3792,#863);
#607=LINE('',#3794,#864);
#608=LINE('',#3795,#865);
#609=LINE('',#3798,#866);
#610=LINE('',#3800,#867);
#611=LINE('',#3801,#868);
#612=LINE('',#3804,#869);
#613=LINE('',#3806,#870);
#614=LINE('',#3807,#871);
#615=LINE('',#3809,#872);
#616=LINE('',#3810,#873);
#617=LINE('',#3823,#874);
#618=LINE('',#3825,#875);
#619=LINE('',#3827,#876);
#620=LINE('',#3828,#877);
#621=LINE('',#3831,#878);
#622=LINE('',#3833,#879);
#623=LINE('',#3834,#880);
#624=LINE('',#3837,#881);
#625=LINE('',#3839,#882);
#626=LINE('',#3840,#883);
#627=LINE('',#3843,#884);
#628=LINE('',#3845,#885);
#629=LINE('',#3846,#886);
#630=LINE('',#3849,#887);
#631=LINE('',#3851,#888);
#632=LINE('',#3852,#889);
#633=LINE('',#3854,#890);
#634=LINE('',#3855,#891);
#635=LINE('',#3860,#892);
#636=LINE('',#3862,#893);
#637=LINE('',#3864,#894);
#638=LINE('',#3865,#895);
#639=LINE('',#3888,#896);
#640=LINE('',#3911,#897);
#641=LINE('',#3934,#898);
#642=LINE('',#3957,#899);
#643=LINE('',#3980,#900);
#644=LINE('',#4003,#901);
#645=LINE('',#4026,#902);
#646=LINE('',#4049,#903);
#647=LINE('',#4072,#904);
#648=LINE('',#4095,#905);
#649=LINE('',#4098,#906);
#650=LINE('',#4100,#907);
#651=LINE('',#4101,#908);
#652=LINE('',#4124,#909);
#653=LINE('',#4147,#910);
#654=LINE('',#4170,#911);
#655=LINE('',#4193,#912);
#656=LINE('',#4216,#913);
#657=LINE('',#4239,#914);
#658=LINE('',#4262,#915);
#659=LINE('',#4285,#916);
#660=LINE('',#4310,#917);
#661=LINE('',#4312,#918);
#662=LINE('',#4314,#919);
#663=LINE('',#4315,#920);
#664=LINE('',#4318,#921);
#665=LINE('',#4320,#922);
#666=LINE('',#4321,#923);
#667=LINE('',#4324,#924);
#668=LINE('',#4326,#925);
#669=LINE('',#4327,#926);
#670=LINE('',#4330,#927);
#671=LINE('',#4332,#928);
#672=LINE('',#4333,#929);
#673=LINE('',#4336,#930);
#674=LINE('',#4338,#931);
#675=LINE('',#4339,#932);
#676=LINE('',#4342,#933);
#677=LINE('',#4344,#934);
#678=LINE('',#4345,#935);
#679=LINE('',#4348,#936);
#680=LINE('',#4350,#937);
#681=LINE('',#4351,#938);
#682=LINE('',#4354,#939);
#683=LINE('',#4356,#940);
#684=LINE('',#4357,#941);
#685=LINE('',#4360,#942);
#686=LINE('',#4362,#943);
#687=LINE('',#4363,#944);
#688=LINE('',#4366,#945);
#689=LINE('',#4368,#946);
#690=LINE('',#4369,#947);
#691=LINE('',#4372,#948);
#692=LINE('',#4374,#949);
#693=LINE('',#4375,#950);
#694=LINE('',#4377,#951);
#695=LINE('',#4378,#952);
#696=LINE('',#4388,#953);
#697=LINE('',#4395,#954);
#698=LINE('',#4406,#955);
#699=LINE('',#4417,#956);
#700=LINE('',#4419,#957);
#701=LINE('',#4421,#958);
#702=LINE('',#4423,#959);
#703=LINE('',#4425,#960);
#704=LINE('',#4427,#961);
#705=LINE('',#4429,#962);
#706=LINE('',#4444,#963);
#707=LINE('',#4446,#964);
#708=LINE('',#4448,#965);
#709=LINE('',#4450,#966);
#710=LINE('',#4452,#967);
#711=LINE('',#4454,#968);
#712=LINE('',#4456,#969);
#713=LINE('',#4458,#970);
#714=LINE('',#4460,#971);
#715=LINE('',#4462,#972);
#716=LINE('',#4464,#973);
#717=LINE('',#4465,#974);
#718=LINE('',#4468,#975);
#719=LINE('',#4470,#976);
#720=LINE('',#4471,#977);
#721=LINE('',#4474,#978);
#722=LINE('',#4475,#979);
#723=LINE('',#4478,#980);
#724=LINE('',#4479,#981);
#725=LINE('',#4482,#982);
#726=LINE('',#4483,#983);
#727=LINE('',#4486,#984);
#728=LINE('',#4487,#985);
#729=LINE('',#4490,#986);
#730=LINE('',#4491,#987);
#731=LINE('',#4494,#988);
#732=LINE('',#4496,#989);
#733=LINE('',#4497,#990);
#734=LINE('',#4500,#991);
#735=LINE('',#4501,#992);
#736=LINE('',#4504,#993);
#737=LINE('',#4505,#994);
#738=LINE('',#4507,#995);
#739=LINE('',#4510,#996);
#740=LINE('',#4511,#997);
#741=LINE('',#4513,#998);
#742=LINE('',#4526,#999);
#743=VECTOR('',#2802,10.);
#744=VECTOR('',#2807,10.);
#745=VECTOR('',#2808,10.);
#746=VECTOR('',#2811,10.);
#747=VECTOR('',#2814,10.);
#748=VECTOR('',#2817,10.);
#749=VECTOR('',#2820,10.);
#750=VECTOR('',#2825,10.);
#751=VECTOR('',#2828,10.);
#752=VECTOR('',#2831,10.);
#753=VECTOR('',#2832,10.);
#754=VECTOR('',#2833,10.);
#755=VECTOR('',#2836,10.);
#756=VECTOR('',#2841,10.);
#757=VECTOR('',#2846,10.);
#758=VECTOR('',#2847,10.);
#759=VECTOR('',#2848,10.);
#760=VECTOR('',#2849,10.);
#761=VECTOR('',#2850,10.);
#762=VECTOR('',#2855,10.);
#763=VECTOR('',#2856,10.);
#764=VECTOR('',#2859,10.);
#765=VECTOR('',#2860,10.);
#766=VECTOR('',#2861,10.);
#767=VECTOR('',#2862,10.);
#768=VECTOR('',#2865,10.);
#769=VECTOR('',#2866,10.);
#770=VECTOR('',#2869,10.);
#771=VECTOR('',#2870,10.);
#772=VECTOR('',#2877,10.);
#773=VECTOR('',#2878,10.);
#774=VECTOR('',#2879,10.);
#775=VECTOR('',#2880,10.);
#776=VECTOR('',#2883,10.);
#777=VECTOR('',#2884,10.);
#778=VECTOR('',#2885,10.);
#779=VECTOR('',#2886,10.);
#780=VECTOR('',#2889,10.);
#781=VECTOR('',#2890,10.);
#782=VECTOR('',#2891,10.);
#783=VECTOR('',#2892,10.);
#784=VECTOR('',#2897,10.);
#785=VECTOR('',#2898,10.);
#786=VECTOR('',#2899,10.);
#787=VECTOR('',#2900,10.);
#788=VECTOR('',#2901,10.);
#789=VECTOR('',#2904,10.);
#790=VECTOR('',#2905,10.);
#791=VECTOR('',#2906,10.);
#792=VECTOR('',#2911,10.);
#793=VECTOR('',#2912,10.);
#794=VECTOR('',#2913,10.);
#795=VECTOR('',#2914,10.);
#796=VECTOR('',#2917,10.);
#797=VECTOR('',#2920,10.);
#798=VECTOR('',#2923,10.);
#799=VECTOR('',#2926,10.);
#800=VECTOR('',#2929,10.);
#801=VECTOR('',#2930,10.);
#802=VECTOR('',#2931,10.);
#803=VECTOR('',#2932,10.);
#804=VECTOR('',#2943,3.16227770728999);
#805=VECTOR('',#2956,10.);
#806=VECTOR('',#2957,10.);
#807=VECTOR('',#2960,10.);
#808=VECTOR('',#2963,10.);
#809=VECTOR('',#2978,10.);
#810=VECTOR('',#2979,3.49942864525346);
#811=VECTOR('',#2980,10.);
#812=VECTOR('',#2983,10.);
#813=VECTOR('',#2986,10.);
#814=VECTOR('',#2989,10.);
#815=VECTOR('',#2990,10.);
#816=VECTOR('',#2991,10.);
#817=VECTOR('',#2994,10.);
#818=VECTOR('',#2995,10.);
#819=VECTOR('',#2996,10.);
#820=VECTOR('',#2999,10.);
#821=VECTOR('',#3004,10.);
#822=VECTOR('',#3007,10.);
#823=VECTOR('',#3020,3.50000005215406);
#824=VECTOR('',#3023,10.);
#825=VECTOR('',#3024,10.);
#826=VECTOR('',#3027,10.);
#827=VECTOR('',#3028,10.);
#828=VECTOR('',#3035,10.);
#829=VECTOR('',#3036,10.);
#830=VECTOR('',#3037,10.);
#831=VECTOR('',#3040,10.);
#832=VECTOR('',#3043,10.);
#833=VECTOR('',#3044,10.);
#834=VECTOR('',#3045,10.);
#835=VECTOR('',#3046,10.);
#836=VECTOR('',#3047,10.);
#837=VECTOR('',#3048,10.);
#838=VECTOR('',#3051,10.);
#839=VECTOR('',#3054,10.);
#840=VECTOR('',#3057,10.);
#841=VECTOR('',#3058,10.);
#842=VECTOR('',#3059,10.);
#843=VECTOR('',#3060,10.);
#844=VECTOR('',#3063,10.);
#845=VECTOR('',#3064,10.);
#846=VECTOR('',#3069,10.);
#847=VECTOR('',#3072,10.);
#848=VECTOR('',#3075,10.);
#849=VECTOR('',#3078,10.);
#850=VECTOR('',#3081,10.);
#851=VECTOR('',#3082,10.);
#852=VECTOR('',#3083,10.);
#853=VECTOR('',#3088,10.);
#854=VECTOR('',#3103,10.);
#855=VECTOR('',#3108,10.);
#856=VECTOR('',#3109,10.);
#857=VECTOR('',#3110,10.);
#858=VECTOR('',#3111,10.);
#859=VECTOR('',#3112,10.);
#860=VECTOR('',#3113,10.);
#861=VECTOR('',#3114,10.);
#862=VECTOR('',#3125,11.5);
#863=VECTOR('',#3126,11.5);
#864=VECTOR('',#3127,11.5);
#865=VECTOR('',#3128,11.5);
#866=VECTOR('',#3131,11.5);
#867=VECTOR('',#3132,11.5);
#868=VECTOR('',#3133,11.5);
#869=VECTOR('',#3136,11.5);
#870=VECTOR('',#3137,11.5);
#871=VECTOR('',#3138,11.5);
#872=VECTOR('',#3141,11.5);
#873=VECTOR('',#3142,11.5);
#874=VECTOR('',#3163,10.);
#875=VECTOR('',#3164,10.);
#876=VECTOR('',#3165,10.);
#877=VECTOR('',#3166,10.);
#878=VECTOR('',#3169,10.);
#879=VECTOR('',#3170,10.);
#880=VECTOR('',#3171,10.);
#881=VECTOR('',#3174,10.);
#882=VECTOR('',#3175,10.);
#883=VECTOR('',#3176,10.);
#884=VECTOR('',#3179,10.);
#885=VECTOR('',#3180,10.);
#886=VECTOR('',#3181,10.);
#887=VECTOR('',#3184,10.);
#888=VECTOR('',#3185,10.);
#889=VECTOR('',#3186,10.);
#890=VECTOR('',#3189,10.);
#891=VECTOR('',#3190,10.);
#892=VECTOR('',#3195,10.);
#893=VECTOR('',#3196,10.);
#894=VECTOR('',#3197,10.);
#895=VECTOR('',#3198,10.);
#896=VECTOR('',#3199,10.);
#897=VECTOR('',#3200,10.);
#898=VECTOR('',#3201,10.);
#899=VECTOR('',#3202,10.);
#900=VECTOR('',#3203,10.);
#901=VECTOR('',#3204,10.);
#902=VECTOR('',#3205,10.);
#903=VECTOR('',#3206,10.);
#904=VECTOR('',#3207,10.);
#905=VECTOR('',#3208,10.);
#906=VECTOR('',#3211,10.);
#907=VECTOR('',#3212,10.);
#908=VECTOR('',#3213,10.);
#909=VECTOR('',#3214,10.);
#910=VECTOR('',#3215,10.);
#911=VECTOR('',#3216,10.);
#912=VECTOR('',#3217,10.);
#913=VECTOR('',#3218,10.);
#914=VECTOR('',#3219,10.);
#915=VECTOR('',#3220,10.);
#916=VECTOR('',#3221,10.);
#917=VECTOR('',#3226,10.);
#918=VECTOR('',#3227,10.);
#919=VECTOR('',#3228,10.);
#920=VECTOR('',#3229,10.);
#921=VECTOR('',#3232,10.);
#922=VECTOR('',#3233,10.);
#923=VECTOR('',#3234,10.);
#924=VECTOR('',#3237,10.);
#925=VECTOR('',#3238,10.);
#926=VECTOR('',#3239,10.);
#927=VECTOR('',#3242,10.);
#928=VECTOR('',#3243,10.);
#929=VECTOR('',#3244,10.);
#930=VECTOR('',#3247,10.);
#931=VECTOR('',#3248,10.);
#932=VECTOR('',#3249,10.);
#933=VECTOR('',#3252,10.);
#934=VECTOR('',#3253,10.);
#935=VECTOR('',#3254,10.);
#936=VECTOR('',#3257,10.);
#937=VECTOR('',#3258,10.);
#938=VECTOR('',#3259,10.);
#939=VECTOR('',#3262,10.);
#940=VECTOR('',#3263,10.);
#941=VECTOR('',#3264,10.);
#942=VECTOR('',#3267,10.);
#943=VECTOR('',#3268,10.);
#944=VECTOR('',#3269,10.);
#945=VECTOR('',#3272,10.);
#946=VECTOR('',#3273,10.);
#947=VECTOR('',#3274,10.);
#948=VECTOR('',#3277,10.);
#949=VECTOR('',#3278,10.);
#950=VECTOR('',#3279,10.);
#951=VECTOR('',#3282,10.);
#952=VECTOR('',#3283,10.);
#953=VECTOR('',#3296,2.8125);
#954=VECTOR('',#3305,3.5625);
#955=VECTOR('',#3320,10.);
#956=VECTOR('',#3325,10.);
#957=VECTOR('',#3326,10.);
#958=VECTOR('',#3327,10.);
#959=VECTOR('',#3328,10.);
#960=VECTOR('',#3329,10.);
#961=VECTOR('',#3330,10.);
#962=VECTOR('',#3331,10.);
#963=VECTOR('',#3342,11.5);
#964=VECTOR('',#3343,11.5);
#965=VECTOR('',#3344,11.5);
#966=VECTOR('',#3345,11.5);
#967=VECTOR('',#3346,11.5);
#968=VECTOR('',#3347,11.5);
#969=VECTOR('',#3348,11.5);
#970=VECTOR('',#3349,11.5);
#971=VECTOR('',#3350,11.5);
#972=VECTOR('',#3351,11.5);
#973=VECTOR('',#3352,11.5);
#974=VECTOR('',#3353,11.5);
#975=VECTOR('',#3356,11.5);
#976=VECTOR('',#3357,11.5);
#977=VECTOR('',#3358,11.5);
#978=VECTOR('',#3361,11.5);
#979=VECTOR('',#3362,11.5);
#980=VECTOR('',#3365,11.5);
#981=VECTOR('',#3366,11.5);
#982=VECTOR('',#3369,11.5);
#983=VECTOR('',#3370,11.5);
#984=VECTOR('',#3373,11.5);
#985=VECTOR('',#3374,11.5);
#986=VECTOR('',#3377,11.5);
#987=VECTOR('',#3378,11.5);
#988=VECTOR('',#3381,11.5);
#989=VECTOR('',#3382,11.5);
#990=VECTOR('',#3383,11.5);
#991=VECTOR('',#3386,11.5);
#992=VECTOR('',#3387,11.5);
#993=VECTOR('',#3390,11.5);
#994=VECTOR('',#3391,11.5);
#995=VECTOR('',#3394,11.5);
#996=VECTOR('',#3397,11.5);
#997=VECTOR('',#3398,11.5);
#998=VECTOR('',#3401,11.5);
#999=VECTOR('',#3422,1.09999997541308);
#1000=VERTEX_POINT('',#3438);
#1001=VERTEX_POINT('',#3439);
#1002=VERTEX_POINT('',#3443);
#1003=VERTEX_POINT('',#3445);
#1004=VERTEX_POINT('',#3447);
#1005=VERTEX_POINT('',#3449);
#1006=VERTEX_POINT('',#3451);
#1007=VERTEX_POINT('',#3453);
#1008=VERTEX_POINT('',#3455);
#1009=VERTEX_POINT('',#3457);
#1010=VERTEX_POINT('',#3459);
#1011=VERTEX_POINT('',#3461);
#1012=VERTEX_POINT('',#3465);
#1013=VERTEX_POINT('',#3467);
#1014=VERTEX_POINT('',#3471);
#1015=VERTEX_POINT('',#3473);
#1016=VERTEX_POINT('',#3477);
#1017=VERTEX_POINT('',#3479);
#1018=VERTEX_POINT('',#3481);
#1019=VERTEX_POINT('',#3483);
#1020=VERTEX_POINT('',#3485);
#1021=VERTEX_POINT('',#3487);
#1022=VERTEX_POINT('',#3489);
#1023=VERTEX_POINT('',#3491);
#1024=VERTEX_POINT('',#3493);
#1025=VERTEX_POINT('',#3495);
#1026=VERTEX_POINT('',#3498);
#1027=VERTEX_POINT('',#3501);
#1028=VERTEX_POINT('',#3505);
#1029=VERTEX_POINT('',#3507);
#1030=VERTEX_POINT('',#3509);
#1031=VERTEX_POINT('',#3513);
#1032=VERTEX_POINT('',#3517);
#1033=VERTEX_POINT('',#3523);
#1034=VERTEX_POINT('',#3525);
#1035=VERTEX_POINT('',#3527);
#1036=VERTEX_POINT('',#3529);
#1037=VERTEX_POINT('',#3531);
#1038=VERTEX_POINT('',#3533);
#1039=VERTEX_POINT('',#3535);
#1040=VERTEX_POINT('',#3537);
#1041=VERTEX_POINT('',#3541);
#1042=VERTEX_POINT('',#3542);
#1043=VERTEX_POINT('',#3544);
#1044=VERTEX_POINT('',#3546);
#1045=VERTEX_POINT('',#3550);
#1046=VERTEX_POINT('',#3552);
#1047=VERTEX_POINT('',#3554);
#1048=VERTEX_POINT('',#3556);
#1049=VERTEX_POINT('',#3558);
#1050=VERTEX_POINT('',#3562);
#1051=VERTEX_POINT('',#3564);
#1052=VERTEX_POINT('',#3568);
#1053=VERTEX_POINT('',#3571);
#1054=VERTEX_POINT('',#3573);
#1055=VERTEX_POINT('',#3579);
#1056=VERTEX_POINT('',#3581);
#1057=VERTEX_POINT('',#3583);
#1058=VERTEX_POINT('',#3585);
#1059=VERTEX_POINT('',#3590);
#1060=VERTEX_POINT('',#3592);
#1061=VERTEX_POINT('',#3596);
#1062=VERTEX_POINT('',#3600);
#1063=VERTEX_POINT('',#3601);
#1064=VERTEX_POINT('',#3606);
#1065=VERTEX_POINT('',#3610);
#1066=VERTEX_POINT('',#3611);
#1067=VERTEX_POINT('',#3614);
#1068=VERTEX_POINT('',#3616);
#1069=VERTEX_POINT('',#3618);
#1070=VERTEX_POINT('',#3620);
#1071=VERTEX_POINT('',#3623);
#1072=VERTEX_POINT('',#3625);
#1073=VERTEX_POINT('',#3628);
#1074=VERTEX_POINT('',#3630);
#1075=VERTEX_POINT('',#3636);
#1076=VERTEX_POINT('',#3638);
#1077=VERTEX_POINT('',#3640);
#1078=VERTEX_POINT('',#3642);
#1079=VERTEX_POINT('',#3646);
#1080=VERTEX_POINT('',#3648);
#1081=VERTEX_POINT('',#3652);
#1082=VERTEX_POINT('',#3654);
#1083=VERTEX_POINT('',#3658);
#1084=VERTEX_POINT('',#3666);
#1085=VERTEX_POINT('',#3668);
#1086=VERTEX_POINT('',#3675);
#1087=VERTEX_POINT('',#3684);
#1088=VERTEX_POINT('',#3686);
#1089=VERTEX_POINT('',#3692);
#1090=VERTEX_POINT('',#3694);
#1091=VERTEX_POINT('',#3696);
#1092=VERTEX_POINT('',#3698);
#1093=VERTEX_POINT('',#3700);
#1094=VERTEX_POINT('',#3704);
#1095=VERTEX_POINT('',#3706);
#1096=VERTEX_POINT('',#3710);
#1097=VERTEX_POINT('',#3712);
#1098=VERTEX_POINT('',#3718);
#1099=VERTEX_POINT('',#3726);
#1100=VERTEX_POINT('',#3728);
#1101=VERTEX_POINT('',#3744);
#1102=VERTEX_POINT('',#3745);
#1103=VERTEX_POINT('',#3747);
#1104=VERTEX_POINT('',#3751);
#1105=VERTEX_POINT('',#3760);
#1106=VERTEX_POINT('',#3762);
#1107=VERTEX_POINT('',#3764);
#1108=VERTEX_POINT('',#3766);
#1109=VERTEX_POINT('',#3768);
#1110=VERTEX_POINT('',#3770);
#1111=VERTEX_POINT('',#3772);
#1112=VERTEX_POINT('',#3783);
#1113=VERTEX_POINT('',#3788);
#1114=VERTEX_POINT('',#3789);
#1115=VERTEX_POINT('',#3791);
#1116=VERTEX_POINT('',#3793);
#1117=VERTEX_POINT('',#3797);
#1118=VERTEX_POINT('',#3799);
#1119=VERTEX_POINT('',#3803);
#1120=VERTEX_POINT('',#3805);
#1121=VERTEX_POINT('',#3821);
#1122=VERTEX_POINT('',#3822);
#1123=VERTEX_POINT('',#3824);
#1124=VERTEX_POINT('',#3826);
#1125=VERTEX_POINT('',#3830);
#1126=VERTEX_POINT('',#3832);
#1127=VERTEX_POINT('',#3836);
#1128=VERTEX_POINT('',#3838);
#1129=VERTEX_POINT('',#3842);
#1130=VERTEX_POINT('',#3844);
#1131=VERTEX_POINT('',#3848);
#1132=VERTEX_POINT('',#3850);
#1133=VERTEX_POINT('',#3858);
#1134=VERTEX_POINT('',#3859);
#1135=VERTEX_POINT('',#3861);
#1136=VERTEX_POINT('',#3863);
#1137=VERTEX_POINT('',#3876);
#1138=VERTEX_POINT('',#3882);
#1139=VERTEX_POINT('',#3899);
#1140=VERTEX_POINT('',#3905);
#1141=VERTEX_POINT('',#3922);
#1142=VERTEX_POINT('',#3928);
#1143=VERTEX_POINT('',#3945);
#1144=VERTEX_POINT('',#3951);
#1145=VERTEX_POINT('',#3968);
#1146=VERTEX_POINT('',#3974);
#1147=VERTEX_POINT('',#3991);
#1148=VERTEX_POINT('',#3997);
#1149=VERTEX_POINT('',#4014);
#1150=VERTEX_POINT('',#4020);
#1151=VERTEX_POINT('',#4037);
#1152=VERTEX_POINT('',#4043);
#1153=VERTEX_POINT('',#4060);
#1154=VERTEX_POINT('',#4066);
#1155=VERTEX_POINT('',#4083);
#1156=VERTEX_POINT('',#4089);
#1157=VERTEX_POINT('',#4097);
#1158=VERTEX_POINT('',#4099);
#1159=VERTEX_POINT('',#4112);
#1160=VERTEX_POINT('',#4118);
#1161=VERTEX_POINT('',#4135);
#1162=VERTEX_POINT('',#4141);
#1163=VERTEX_POINT('',#4158);
#1164=VERTEX_POINT('',#4164);
#1165=VERTEX_POINT('',#4181);
#1166=VERTEX_POINT('',#4187);
#1167=VERTEX_POINT('',#4204);
#1168=VERTEX_POINT('',#4210);
#1169=VERTEX_POINT('',#4227);
#1170=VERTEX_POINT('',#4233);
#1171=VERTEX_POINT('',#4250);
#1172=VERTEX_POINT('',#4256);
#1173=VERTEX_POINT('',#4273);
#1174=VERTEX_POINT('',#4279);
#1175=VERTEX_POINT('',#4308);
#1176=VERTEX_POINT('',#4309);
#1177=VERTEX_POINT('',#4311);
#1178=VERTEX_POINT('',#4313);
#1179=VERTEX_POINT('',#4317);
#1180=VERTEX_POINT('',#4319);
#1181=VERTEX_POINT('',#4323);
#1182=VERTEX_POINT('',#4325);
#1183=VERTEX_POINT('',#4329);
#1184=VERTEX_POINT('',#4331);
#1185=VERTEX_POINT('',#4335);
#1186=VERTEX_POINT('',#4337);
#1187=VERTEX_POINT('',#4341);
#1188=VERTEX_POINT('',#4343);
#1189=VERTEX_POINT('',#4347);
#1190=VERTEX_POINT('',#4349);
#1191=VERTEX_POINT('',#4353);
#1192=VERTEX_POINT('',#4355);
#1193=VERTEX_POINT('',#4359);
#1194=VERTEX_POINT('',#4361);
#1195=VERTEX_POINT('',#4365);
#1196=VERTEX_POINT('',#4367);
#1197=VERTEX_POINT('',#4371);
#1198=VERTEX_POINT('',#4373);
#1199=VERTEX_POINT('',#4381);
#1200=VERTEX_POINT('',#4383);
#1201=VERTEX_POINT('',#4387);
#1202=VERTEX_POINT('',#4392);
#1203=VERTEX_POINT('',#4394);
#1204=VERTEX_POINT('',#4402);
#1205=VERTEX_POINT('',#4403);
#1206=VERTEX_POINT('',#4405);
#1207=VERTEX_POINT('',#4409);
#1208=VERTEX_POINT('',#4416);
#1209=VERTEX_POINT('',#4418);
#1210=VERTEX_POINT('',#4420);
#1211=VERTEX_POINT('',#4422);
#1212=VERTEX_POINT('',#4424);
#1213=VERTEX_POINT('',#4426);
#1214=VERTEX_POINT('',#4428);
#1215=VERTEX_POINT('',#4437);
#1216=VERTEX_POINT('',#4442);
#1217=VERTEX_POINT('',#4443);
#1218=VERTEX_POINT('',#4445);
#1219=VERTEX_POINT('',#4447);
#1220=VERTEX_POINT('',#4449);
#1221=VERTEX_POINT('',#4451);
#1222=VERTEX_POINT('',#4453);
#1223=VERTEX_POINT('',#4455);
#1224=VERTEX_POINT('',#4457);
#1225=VERTEX_POINT('',#4459);
#1226=VERTEX_POINT('',#4461);
#1227=VERTEX_POINT('',#4463);
#1228=VERTEX_POINT('',#4467);
#1229=VERTEX_POINT('',#4469);
#1230=VERTEX_POINT('',#4473);
#1231=VERTEX_POINT('',#4477);
#1232=VERTEX_POINT('',#4481);
#1233=VERTEX_POINT('',#4485);
#1234=VERTEX_POINT('',#4489);
#1235=VERTEX_POINT('',#4493);
#1236=VERTEX_POINT('',#4495);
#1237=VERTEX_POINT('',#4499);
#1238=VERTEX_POINT('',#4503);
#1239=VERTEX_POINT('',#4509);
#1240=VERTEX_POINT('',#4523);
#1241=VERTEX_POINT('',#4525);
#1242=EDGE_CURVE('',#1000,#1001,#486,.T.);
#1243=EDGE_CURVE('',#1001,#1000,#420,.T.);
#1244=EDGE_CURVE('',#1001,#1002,#487,.T.);
#1245=EDGE_CURVE('',#1003,#1000,#488,.T.);
#1246=EDGE_CURVE('',#1004,#1003,#421,.T.);
#1247=EDGE_CURVE('',#1005,#1004,#489,.T.);
#1248=EDGE_CURVE('',#1006,#1005,#422,.T.);
#1249=EDGE_CURVE('',#1007,#1006,#490,.T.);
#1250=EDGE_CURVE('',#1008,#1007,#423,.T.);
#1251=EDGE_CURVE('',#1009,#1008,#491,.T.);
#1252=EDGE_CURVE('',#1010,#1009,#424,.T.);
#1253=EDGE_CURVE('',#1011,#1010,#492,.T.);
#1254=EDGE_CURVE('',#1002,#1011,#425,.T.);
#1255=EDGE_CURVE('',#1003,#1012,#493,.T.);
#1256=EDGE_CURVE('',#1012,#1013,#426,.T.);
#1257=EDGE_CURVE('',#1004,#1013,#494,.T.);
#1258=EDGE_CURVE('',#1014,#1011,#495,.T.);
#1259=EDGE_CURVE('',#1014,#1015,#496,.T.);
#1260=EDGE_CURVE('',#1015,#1002,#497,.T.);
#1261=EDGE_CURVE('',#1016,#1007,#498,.T.);
#1262=EDGE_CURVE('',#1016,#1017,#427,.T.);
#1263=EDGE_CURVE('',#1017,#1018,#428,.T.);
#1264=EDGE_CURVE('',#1019,#1018,#499,.T.);
#1265=EDGE_CURVE('',#1019,#1020,#429,.T.);
#1266=EDGE_CURVE('',#1020,#1021,#430,.T.);
#1267=EDGE_CURVE('',#1022,#1021,#500,.T.);
#1268=EDGE_CURVE('',#1023,#1022,#501,.T.);
#1269=EDGE_CURVE('',#1024,#1023,#502,.T.);
#1270=EDGE_CURVE('',#1025,#1024,#503,.T.);
#1271=EDGE_CURVE('',#1008,#1025,#504,.T.);
#1272=EDGE_CURVE('',#1026,#1026,#431,.T.);
#1273=EDGE_CURVE('',#1013,#1027,#505,.T.);
#1274=EDGE_CURVE('',#1027,#1005,#506,.T.);
#1275=EDGE_CURVE('',#1010,#1028,#507,.T.);
#1276=EDGE_CURVE('',#1029,#1028,#508,.T.);
#1277=EDGE_CURVE('',#1030,#1029,#509,.T.);
#1278=EDGE_CURVE('',#1030,#1014,#510,.T.);
#1279=EDGE_CURVE('',#1031,#1006,#511,.T.);
#1280=EDGE_CURVE('',#1031,#1016,#512,.T.);
#1281=EDGE_CURVE('',#1025,#1032,#513,.T.);
#1282=EDGE_CURVE('',#1009,#1032,#514,.T.);
#1283=EDGE_CURVE('',#1027,#1031,#432,.T.);
#1284=EDGE_CURVE('',#1032,#1033,#515,.T.);
#1285=EDGE_CURVE('',#1033,#1034,#516,.T.);
#1286=EDGE_CURVE('',#1034,#1035,#517,.T.);
#1287=EDGE_CURVE('',#1035,#1036,#518,.T.);
#1288=EDGE_CURVE('',#1036,#1037,#433,.T.);
#1289=EDGE_CURVE('',#1038,#1037,#519,.T.);
#1290=EDGE_CURVE('',#1039,#1038,#520,.F.);
#1291=EDGE_CURVE('',#1040,#1039,#521,.F.);
#1292=EDGE_CURVE('',#1028,#1040,#522,.T.);
#1293=EDGE_CURVE('',#1041,#1042,#523,.T.);
#1294=EDGE_CURVE('',#1043,#1041,#524,.T.);
#1295=EDGE_CURVE('',#1043,#1044,#525,.T.);
#1296=EDGE_CURVE('',#1044,#1042,#526,.T.);
#1297=EDGE_CURVE('',#1042,#1045,#434,.T.);
#1298=EDGE_CURVE('',#1044,#1046,#527,.T.);
#1299=EDGE_CURVE('',#1047,#1046,#528,.T.);
#1300=EDGE_CURVE('',#1048,#1047,#529,.T.);
#1301=EDGE_CURVE('',#1048,#1049,#530,.T.);
#1302=EDGE_CURVE('',#1045,#1049,#531,.T.);
#1303=EDGE_CURVE('',#1049,#1050,#532,.T.);
#1304=EDGE_CURVE('',#1051,#1048,#533,.T.);
#1305=EDGE_CURVE('',#1051,#1050,#534,.T.);
#1306=EDGE_CURVE('',#1052,#1041,#435,.T.);
#1307=EDGE_CURVE('',#1050,#1052,#535,.T.);
#1308=EDGE_CURVE('',#1053,#1051,#536,.T.);
#1309=EDGE_CURVE('',#1054,#1053,#537,.T.);
#1310=EDGE_CURVE('',#1054,#1043,#538,.T.);
#1311=EDGE_CURVE('',#1046,#1054,#539,.T.);
#1312=EDGE_CURVE('',#1045,#1055,#540,.T.);
#1313=EDGE_CURVE('',#1055,#1056,#436,.T.);
#1314=EDGE_CURVE('',#1056,#1057,#541,.T.);
#1315=EDGE_CURVE('',#1057,#1058,#437,.T.);
#1316=EDGE_CURVE('',#1058,#1052,#542,.T.);
#1317=EDGE_CURVE('',#1047,#1039,#543,.F.);
#1318=EDGE_CURVE('',#1059,#1038,#544,.F.);
#1319=EDGE_CURVE('',#1060,#1059,#545,.T.);
#1320=EDGE_CURVE('',#1060,#1053,#546,.F.);
#1321=EDGE_CURVE('',#1026,#1061,#438,.T.);
#1322=EDGE_CURVE('',#1061,#1061,#439,.T.);
#1323=EDGE_CURVE('',#1062,#1063,#440,.T.);
#1324=EDGE_CURVE('',#1062,#1061,#547,.T.);
#1325=EDGE_CURVE('',#1063,#1062,#441,.T.);
#1326=EDGE_CURVE('',#1064,#1064,#442,.T.);
#1327=EDGE_CURVE('',#1064,#1063,#443,.T.);
#1328=EDGE_CURVE('',#1065,#1066,#444,.T.);
#1329=EDGE_CURVE('',#1065,#1056,#548,.T.);
#1330=EDGE_CURVE('',#1055,#1067,#549,.T.);
#1331=EDGE_CURVE('',#1068,#1067,#445,.T.);
#1332=EDGE_CURVE('',#1068,#1069,#550,.T.);
#1333=EDGE_CURVE('',#1070,#1069,#446,.T.);
#1334=EDGE_CURVE('',#1070,#1066,#551,.T.);
#1335=EDGE_CURVE('',#1071,#1071,#447,.T.);
#1336=EDGE_CURVE('',#1072,#1072,#448,.T.);
#1337=EDGE_CURVE('',#1071,#1073,#449,.T.);
#1338=EDGE_CURVE('',#1073,#1074,#450,.T.);
#1339=EDGE_CURVE('',#1074,#1073,#451,.T.);
#1340=EDGE_CURVE('',#1021,#1036,#552,.T.);
#1341=EDGE_CURVE('',#1020,#1074,#553,.T.);
#1342=EDGE_CURVE('',#1075,#1019,#554,.T.);
#1343=EDGE_CURVE('',#1076,#1075,#452,.T.);
#1344=EDGE_CURVE('',#1077,#1076,#555,.T.);
#1345=EDGE_CURVE('',#1078,#1077,#453,.T.);
#1346=EDGE_CURVE('',#1037,#1078,#556,.T.);
#1347=EDGE_CURVE('',#1078,#1079,#557,.T.);
#1348=EDGE_CURVE('',#1079,#1080,#558,.T.);
#1349=EDGE_CURVE('',#1059,#1080,#559,.T.);
#1350=EDGE_CURVE('',#1076,#1081,#560,.T.);
#1351=EDGE_CURVE('',#1081,#1082,#561,.T.);
#1352=EDGE_CURVE('',#1082,#1077,#562,.T.);
#1353=EDGE_CURVE('',#1075,#1083,#563,.T.);
#1354=EDGE_CURVE('',#1083,#1081,#454,.T.);
#1355=EDGE_CURVE('',#1022,#1035,#564,.T.);
#1356=EDGE_CURVE('',#1018,#1083,#565,.T.);
#1357=EDGE_CURVE('',#1072,#1084,#455,.T.);
#1358=EDGE_CURVE('',#1084,#1085,#456,.T.);
#1359=EDGE_CURVE('',#1085,#1084,#457,.T.);
#1360=EDGE_CURVE('',#1082,#1012,#458,.T.);
#1361=EDGE_CURVE('',#1017,#1085,#566,.T.);
#1362=EDGE_CURVE('',#1012,#1086,#567,.T.);
#1363=EDGE_CURVE('',#1079,#1086,#568,.T.);
#1364=EDGE_CURVE('',#1024,#1033,#569,.T.);
#1365=EDGE_CURVE('',#1023,#1034,#570,.T.);
#1366=EDGE_CURVE('',#1087,#1015,#571,.T.);
#1367=EDGE_CURVE('',#1088,#1087,#572,.T.);
#1368=EDGE_CURVE('',#1086,#1088,#573,.T.);
#1369=EDGE_CURVE('',#1087,#1030,#574,.T.);
#1370=EDGE_CURVE('',#1089,#1080,#575,.T.);
#1371=EDGE_CURVE('',#1090,#1088,#576,.T.);
#1372=EDGE_CURVE('',#1090,#1091,#577,.T.);
#1373=EDGE_CURVE('',#1092,#1091,#578,.T.);
#1374=EDGE_CURVE('',#1093,#1092,#579,.T.);
#1375=EDGE_CURVE('',#1089,#1093,#580,.T.);
#1376=EDGE_CURVE('',#1094,#1029,#581,.T.);
#1377=EDGE_CURVE('',#1095,#1094,#459,.T.);
#1378=EDGE_CURVE('',#1090,#1095,#582,.T.);
#1379=EDGE_CURVE('',#1040,#1096,#583,.T.);
#1380=EDGE_CURVE('',#1096,#1097,#584,.T.);
#1381=EDGE_CURVE('',#1066,#1097,#585,.T.);
#1382=EDGE_CURVE('',#1094,#1070,#586,.T.);
#1383=EDGE_CURVE('',#1096,#1089,#587,.T.);
#1384=EDGE_CURVE('',#1098,#1093,#588,.T.);
#1385=EDGE_CURVE('',#1097,#1098,#460,.T.);
#1386=EDGE_CURVE('',#1098,#1065,#589,.T.);
#1387=EDGE_CURVE('',#1069,#1095,#590,.T.);
#1388=EDGE_CURVE('',#1067,#1099,#591,.T.);
#1389=EDGE_CURVE('',#1099,#1100,#461,.T.);
#1390=EDGE_CURVE('',#1100,#1068,#592,.T.);
#1391=EDGE_CURVE('',#1099,#1058,#593,.T.);
#1392=EDGE_CURVE('',#1057,#1092,#594,.T.);
#1393=EDGE_CURVE('',#1091,#1100,#595,.T.);
#1394=EDGE_CURVE('',#1089,#1060,#596,.T.);
#1395=EDGE_CURVE('',#1101,#1102,#462,.T.);
#1396=EDGE_CURVE('',#1103,#1101,#597,.T.);
#1397=EDGE_CURVE('',#1102,#1103,#463,.T.);
#1398=EDGE_CURVE('',#1104,#1101,#46,.T.);
#1399=EDGE_CURVE('',#1105,#1104,#598,.T.);
#1400=EDGE_CURVE('',#1106,#1105,#599,.T.);
#1401=EDGE_CURVE('',#1107,#1106,#600,.T.);
#1402=EDGE_CURVE('',#1108,#1107,#601,.T.);
#1403=EDGE_CURVE('',#1109,#1108,#602,.T.);
#1404=EDGE_CURVE('',#1110,#1109,#603,.T.);
#1405=EDGE_CURVE('',#1111,#1110,#604,.T.);
#1406=EDGE_CURVE('',#1103,#1111,#47,.T.);
#1407=EDGE_CURVE('',#1102,#1112,#464,.T.);
#1408=EDGE_CURVE('',#1112,#1112,#465,.T.);
#1409=EDGE_CURVE('',#1111,#1104,#466,.T.);
#1410=EDGE_CURVE('',#1113,#1114,#605,.T.);
#1411=EDGE_CURVE('',#1113,#1115,#606,.T.);
#1412=EDGE_CURVE('',#1116,#1115,#607,.T.);
#1413=EDGE_CURVE('',#1114,#1116,#608,.T.);
#1414=EDGE_CURVE('',#1114,#1117,#609,.T.);
#1415=EDGE_CURVE('',#1118,#1116,#610,.T.);
#1416=EDGE_CURVE('',#1117,#1118,#611,.T.);
#1417=EDGE_CURVE('',#1117,#1119,#612,.T.);
#1418=EDGE_CURVE('',#1120,#1118,#613,.T.);
#1419=EDGE_CURVE('',#1119,#1120,#614,.T.);
#1420=EDGE_CURVE('',#1119,#1113,#615,.T.);
#1421=EDGE_CURVE('',#1115,#1120,#616,.T.);
#1422=EDGE_CURVE('',#1105,#1110,#467,.T.);
#1423=EDGE_CURVE('',#1109,#1106,#468,.T.);
#1424=EDGE_CURVE('',#1108,#1107,#469,.T.);
#1425=EDGE_CURVE('',#1121,#1122,#617,.T.);
#1426=EDGE_CURVE('',#1121,#1123,#618,.T.);
#1427=EDGE_CURVE('',#1124,#1123,#619,.T.);
#1428=EDGE_CURVE('',#1122,#1124,#620,.T.);
#1429=EDGE_CURVE('',#1122,#1125,#621,.T.);
#1430=EDGE_CURVE('',#1126,#1124,#622,.T.);
#1431=EDGE_CURVE('',#1125,#1126,#623,.T.);
#1432=EDGE_CURVE('',#1125,#1127,#624,.T.);
#1433=EDGE_CURVE('',#1128,#1126,#625,.T.);
#1434=EDGE_CURVE('',#1127,#1128,#626,.T.);
#1435=EDGE_CURVE('',#1127,#1129,#627,.T.);
#1436=EDGE_CURVE('',#1130,#1128,#628,.T.);
#1437=EDGE_CURVE('',#1129,#1130,#629,.T.);
#1438=EDGE_CURVE('',#1129,#1131,#630,.T.);
#1439=EDGE_CURVE('',#1132,#1130,#631,.T.);
#1440=EDGE_CURVE('',#1131,#1132,#632,.T.);
#1441=EDGE_CURVE('',#1131,#1121,#633,.T.);
#1442=EDGE_CURVE('',#1123,#1132,#634,.T.);
#1443=EDGE_CURVE('',#1133,#1134,#635,.T.);
#1444=EDGE_CURVE('',#1133,#1135,#636,.T.);
#1445=EDGE_CURVE('',#1136,#1135,#637,.T.);
#1446=EDGE_CURVE('',#1134,#1136,#638,.T.);
#1447=EDGE_CURVE('',#1134,#1137,#48,.T.);
#1448=EDGE_CURVE('',#1138,#1136,#49,.T.);
#1449=EDGE_CURVE('',#1137,#1138,#639,.T.);
#1450=EDGE_CURVE('',#1137,#1139,#50,.T.);
#1451=EDGE_CURVE('',#1140,#1138,#51,.T.);
#1452=EDGE_CURVE('',#1139,#1140,#640,.T.);
#1453=EDGE_CURVE('',#1139,#1141,#52,.T.);
#1454=EDGE_CURVE('',#1142,#1140,#53,.T.);
#1455=EDGE_CURVE('',#1141,#1142,#641,.T.);
#1456=EDGE_CURVE('',#1141,#1143,#54,.T.);
#1457=EDGE_CURVE('',#1144,#1142,#55,.T.);
#1458=EDGE_CURVE('',#1143,#1144,#642,.T.);
#1459=EDGE_CURVE('',#1143,#1145,#56,.T.);
#1460=EDGE_CURVE('',#1146,#1144,#57,.T.);
#1461=EDGE_CURVE('',#1145,#1146,#643,.T.);
#1462=EDGE_CURVE('',#1145,#1147,#58,.T.);
#1463=EDGE_CURVE('',#1148,#1146,#59,.T.);
#1464=EDGE_CURVE('',#1147,#1148,#644,.T.);
#1465=EDGE_CURVE('',#1147,#1149,#60,.T.);
#1466=EDGE_CURVE('',#1150,#1148,#61,.T.);
#1467=EDGE_CURVE('',#1149,#1150,#645,.T.);
#1468=EDGE_CURVE('',#1149,#1151,#62,.T.);
#1469=EDGE_CURVE('',#1152,#1150,#63,.T.);
#1470=EDGE_CURVE('',#1151,#1152,#646,.T.);
#1471=EDGE_CURVE('',#1151,#1153,#64,.T.);
#1472=EDGE_CURVE('',#1154,#1152,#65,.T.);
#1473=EDGE_CURVE('',#1153,#1154,#647,.T.);
#1474=EDGE_CURVE('',#1153,#1155,#66,.T.);
#1475=EDGE_CURVE('',#1156,#1154,#67,.T.);
#1476=EDGE_CURVE('',#1155,#1156,#648,.T.);
#1477=EDGE_CURVE('',#1155,#1157,#649,.T.);
#1478=EDGE_CURVE('',#1158,#1156,#650,.T.);
#1479=EDGE_CURVE('',#1157,#1158,#651,.T.);
#1480=EDGE_CURVE('',#1157,#1159,#68,.T.);
#1481=EDGE_CURVE('',#1160,#1158,#69,.T.);
#1482=EDGE_CURVE('',#1159,#1160,#652,.T.);
#1483=EDGE_CURVE('',#1159,#1161,#70,.T.);
#1484=EDGE_CURVE('',#1162,#1160,#71,.T.);
#1485=EDGE_CURVE('',#1161,#1162,#653,.T.);
#1486=EDGE_CURVE('',#1161,#1163,#72,.T.);
#1487=EDGE_CURVE('',#1164,#1162,#73,.T.);
#1488=EDGE_CURVE('',#1163,#1164,#654,.T.);
#1489=EDGE_CURVE('',#1163,#1165,#74,.T.);
#1490=EDGE_CURVE('',#1166,#1164,#75,.T.);
#1491=EDGE_CURVE('',#1165,#1166,#655,.T.);
#1492=EDGE_CURVE('',#1165,#1167,#76,.T.);
#1493=EDGE_CURVE('',#1168,#1166,#77,.T.);
#1494=EDGE_CURVE('',#1167,#1168,#656,.T.);
#1495=EDGE_CURVE('',#1167,#1169,#78,.T.);
#1496=EDGE_CURVE('',#1170,#1168,#79,.T.);
#1497=EDGE_CURVE('',#1169,#1170,#657,.T.);
#1498=EDGE_CURVE('',#1169,#1171,#80,.T.);
#1499=EDGE_CURVE('',#1172,#1170,#81,.T.);
#1500=EDGE_CURVE('',#1171,#1172,#658,.T.);
#1501=EDGE_CURVE('',#1171,#1173,#82,.T.);
#1502=EDGE_CURVE('',#1174,#1172,#83,.T.);
#1503=EDGE_CURVE('',#1173,#1174,#659,.T.);
#1504=EDGE_CURVE('',#1173,#1133,#84,.T.);
#1505=EDGE_CURVE('',#1135,#1174,#85,.T.);
#1506=EDGE_CURVE('',#1175,#1176,#660,.T.);
#1507=EDGE_CURVE('',#1175,#1177,#661,.T.);
#1508=EDGE_CURVE('',#1178,#1177,#662,.T.);
#1509=EDGE_CURVE('',#1176,#1178,#663,.T.);
#1510=EDGE_CURVE('',#1176,#1179,#664,.T.);
#1511=EDGE_CURVE('',#1180,#1178,#665,.T.);
#1512=EDGE_CURVE('',#1179,#1180,#666,.T.);
#1513=EDGE_CURVE('',#1179,#1181,#667,.T.);
#1514=EDGE_CURVE('',#1182,#1180,#668,.T.);
#1515=EDGE_CURVE('',#1181,#1182,#669,.T.);
#1516=EDGE_CURVE('',#1181,#1183,#670,.T.);
#1517=EDGE_CURVE('',#1184,#1182,#671,.T.);
#1518=EDGE_CURVE('',#1183,#1184,#672,.T.);
#1519=EDGE_CURVE('',#1183,#1185,#673,.T.);
#1520=EDGE_CURVE('',#1186,#1184,#674,.T.);
#1521=EDGE_CURVE('',#1185,#1186,#675,.T.);
#1522=EDGE_CURVE('',#1185,#1187,#676,.T.);
#1523=EDGE_CURVE('',#1188,#1186,#677,.T.);
#1524=EDGE_CURVE('',#1187,#1188,#678,.T.);
#1525=EDGE_CURVE('',#1187,#1189,#679,.T.);
#1526=EDGE_CURVE('',#1190,#1188,#680,.T.);
#1527=EDGE_CURVE('',#1189,#1190,#681,.T.);
#1528=EDGE_CURVE('',#1189,#1191,#682,.T.);
#1529=EDGE_CURVE('',#1192,#1190,#683,.T.);
#1530=EDGE_CURVE('',#1191,#1192,#684,.T.);
#1531=EDGE_CURVE('',#1191,#1193,#685,.T.);
#1532=EDGE_CURVE('',#1194,#1192,#686,.T.);
#1533=EDGE_CURVE('',#1193,#1194,#687,.T.);
#1534=EDGE_CURVE('',#1193,#1195,#688,.T.);
#1535=EDGE_CURVE('',#1196,#1194,#689,.T.);
#1536=EDGE_CURVE('',#1195,#1196,#690,.T.);
#1537=EDGE_CURVE('',#1195,#1197,#691,.T.);
#1538=EDGE_CURVE('',#1198,#1196,#692,.T.);
#1539=EDGE_CURVE('',#1197,#1198,#693,.T.);
#1540=EDGE_CURVE('',#1197,#1175,#694,.T.);
#1541=EDGE_CURVE('',#1177,#1198,#695,.T.);
#1542=EDGE_CURVE('',#1199,#1199,#470,.T.);
#1543=EDGE_CURVE('',#1199,#1200,#471,.T.);
#1544=EDGE_CURVE('',#1200,#1200,#472,.T.);
#1545=EDGE_CURVE('',#1199,#1201,#696,.T.);
#1546=EDGE_CURVE('',#1201,#1201,#473,.T.);
#1547=EDGE_CURVE('',#1202,#1202,#474,.T.);
#1548=EDGE_CURVE('',#1202,#1203,#697,.T.);
#1549=EDGE_CURVE('',#1203,#1203,#475,.T.);
#1550=EDGE_CURVE('',#1204,#1205,#476,.T.);
#1551=EDGE_CURVE('',#1206,#1204,#698,.T.);
#1552=EDGE_CURVE('',#1205,#1206,#477,.T.);
#1553=EDGE_CURVE('',#1207,#1204,#86,.T.);
#1554=EDGE_CURVE('',#1208,#1207,#699,.T.);
#1555=EDGE_CURVE('',#1209,#1208,#700,.T.);
#1556=EDGE_CURVE('',#1210,#1209,#701,.T.);
#1557=EDGE_CURVE('',#1211,#1210,#702,.T.);
#1558=EDGE_CURVE('',#1212,#1211,#703,.T.);
#1559=EDGE_CURVE('',#1213,#1212,#704,.T.);
#1560=EDGE_CURVE('',#1214,#1213,#705,.T.);
#1561=EDGE_CURVE('',#1206,#1214,#87,.T.);
#1562=EDGE_CURVE('',#1205,#1215,#478,.T.);
#1563=EDGE_CURVE('',#1215,#1215,#479,.T.);
#1564=EDGE_CURVE('',#1214,#1207,#480,.T.);
#1565=EDGE_CURVE('',#1216,#1217,#706,.T.);
#1566=EDGE_CURVE('',#1218,#1216,#707,.T.);
#1567=EDGE_CURVE('',#1219,#1218,#708,.T.);
#1568=EDGE_CURVE('',#1220,#1219,#709,.T.);
#1569=EDGE_CURVE('',#1221,#1220,#710,.T.);
#1570=EDGE_CURVE('',#1222,#1221,#711,.T.);
#1571=EDGE_CURVE('',#1223,#1222,#712,.T.);
#1572=EDGE_CURVE('',#1224,#1223,#713,.T.);
#1573=EDGE_CURVE('',#1225,#1224,#714,.T.);
#1574=EDGE_CURVE('',#1226,#1225,#715,.T.);
#1575=EDGE_CURVE('',#1227,#1226,#716,.T.);
#1576=EDGE_CURVE('',#1217,#1227,#717,.T.);
#1577=EDGE_CURVE('',#1228,#1223,#718,.T.);
#1578=EDGE_CURVE('',#1229,#1228,#719,.T.);
#1579=EDGE_CURVE('',#1229,#1224,#720,.T.);
#1580=EDGE_CURVE('',#1230,#1222,#721,.T.);
#1581=EDGE_CURVE('',#1228,#1230,#722,.T.);
#1582=EDGE_CURVE('',#1231,#1221,#723,.T.);
#1583=EDGE_CURVE('',#1230,#1231,#724,.T.);
#1584=EDGE_CURVE('',#1232,#1220,#725,.T.);
#1585=EDGE_CURVE('',#1231,#1232,#726,.T.);
#1586=EDGE_CURVE('',#1233,#1219,#727,.T.);
#1587=EDGE_CURVE('',#1232,#1233,#728,.T.);
#1588=EDGE_CURVE('',#1234,#1218,#729,.T.);
#1589=EDGE_CURVE('',#1233,#1234,#730,.T.);
#1590=EDGE_CURVE('',#1235,#1227,#731,.T.);
#1591=EDGE_CURVE('',#1236,#1235,#732,.T.);
#1592=EDGE_CURVE('',#1236,#1217,#733,.T.);
#1593=EDGE_CURVE('',#1237,#1226,#734,.T.);
#1594=EDGE_CURVE('',#1235,#1237,#735,.T.);
#1595=EDGE_CURVE('',#1238,#1225,#736,.T.);
#1596=EDGE_CURVE('',#1237,#1238,#737,.T.);
#1597=EDGE_CURVE('',#1238,#1229,#738,.T.);
#1598=EDGE_CURVE('',#1239,#1216,#739,.T.);
#1599=EDGE_CURVE('',#1234,#1239,#740,.T.);
#1600=EDGE_CURVE('',#1239,#1236,#741,.T.);
#1601=EDGE_CURVE('',#1208,#1213,#481,.T.);
#1602=EDGE_CURVE('',#1212,#1209,#482,.T.);
#1603=EDGE_CURVE('',#1211,#1210,#483,.T.);
#1604=EDGE_CURVE('',#1240,#1240,#484,.T.);
#1605=EDGE_CURVE('',#1240,#1241,#742,.T.);
#1606=EDGE_CURVE('',#1241,#1241,#485,.T.);
#1607=ORIENTED_EDGE('',*,*,#1242,.F.);
#1608=ORIENTED_EDGE('',*,*,#1243,.F.);
#1609=ORIENTED_EDGE('',*,*,#1244,.F.);
#1610=ORIENTED_EDGE('',*,*,#1243,.T.);
#1611=ORIENTED_EDGE('',*,*,#1245,.F.);
#1612=ORIENTED_EDGE('',*,*,#1246,.F.);
#1613=ORIENTED_EDGE('',*,*,#1247,.F.);
#1614=ORIENTED_EDGE('',*,*,#1248,.F.);
#1615=ORIENTED_EDGE('',*,*,#1249,.F.);
#1616=ORIENTED_EDGE('',*,*,#1250,.F.);
#1617=ORIENTED_EDGE('',*,*,#1251,.F.);
#1618=ORIENTED_EDGE('',*,*,#1252,.F.);
#1619=ORIENTED_EDGE('',*,*,#1253,.F.);
#1620=ORIENTED_EDGE('',*,*,#1254,.F.);
#1621=ORIENTED_EDGE('',*,*,#1246,.T.);
#1622=ORIENTED_EDGE('',*,*,#1255,.T.);
#1623=ORIENTED_EDGE('',*,*,#1256,.T.);
#1624=ORIENTED_EDGE('',*,*,#1257,.F.);
#1625=ORIENTED_EDGE('',*,*,#1254,.T.);
#1626=ORIENTED_EDGE('',*,*,#1258,.F.);
#1627=ORIENTED_EDGE('',*,*,#1259,.T.);
#1628=ORIENTED_EDGE('',*,*,#1260,.T.);
#1629=ORIENTED_EDGE('',*,*,#1250,.T.);
#1630=ORIENTED_EDGE('',*,*,#1261,.F.);
#1631=ORIENTED_EDGE('',*,*,#1262,.T.);
#1632=ORIENTED_EDGE('',*,*,#1263,.T.);
#1633=ORIENTED_EDGE('',*,*,#1264,.F.);
#1634=ORIENTED_EDGE('',*,*,#1265,.T.);
#1635=ORIENTED_EDGE('',*,*,#1266,.T.);
#1636=ORIENTED_EDGE('',*,*,#1267,.F.);
#1637=ORIENTED_EDGE('',*,*,#1268,.F.);
#1638=ORIENTED_EDGE('',*,*,#1269,.F.);
#1639=ORIENTED_EDGE('',*,*,#1270,.F.);
#1640=ORIENTED_EDGE('',*,*,#1271,.F.);
#1641=ORIENTED_EDGE('',*,*,#1272,.F.);
#1642=ORIENTED_EDGE('',*,*,#1247,.T.);
#1643=ORIENTED_EDGE('',*,*,#1257,.T.);
#1644=ORIENTED_EDGE('',*,*,#1273,.T.);
#1645=ORIENTED_EDGE('',*,*,#1274,.T.);
#1646=ORIENTED_EDGE('',*,*,#1253,.T.);
#1647=ORIENTED_EDGE('',*,*,#1275,.T.);
#1648=ORIENTED_EDGE('',*,*,#1276,.F.);
#1649=ORIENTED_EDGE('',*,*,#1277,.F.);
#1650=ORIENTED_EDGE('',*,*,#1278,.T.);
#1651=ORIENTED_EDGE('',*,*,#1258,.T.);
#1652=ORIENTED_EDGE('',*,*,#1249,.T.);
#1653=ORIENTED_EDGE('',*,*,#1279,.F.);
#1654=ORIENTED_EDGE('',*,*,#1280,.T.);
#1655=ORIENTED_EDGE('',*,*,#1261,.T.);
#1656=ORIENTED_EDGE('',*,*,#1251,.T.);
#1657=ORIENTED_EDGE('',*,*,#1271,.T.);
#1658=ORIENTED_EDGE('',*,*,#1281,.T.);
#1659=ORIENTED_EDGE('',*,*,#1282,.F.);
#1660=ORIENTED_EDGE('',*,*,#1248,.T.);
#1661=ORIENTED_EDGE('',*,*,#1274,.F.);
#1662=ORIENTED_EDGE('',*,*,#1283,.T.);
#1663=ORIENTED_EDGE('',*,*,#1279,.T.);
#1664=ORIENTED_EDGE('',*,*,#1252,.T.);
#1665=ORIENTED_EDGE('',*,*,#1282,.T.);
#1666=ORIENTED_EDGE('',*,*,#1284,.T.);
#1667=ORIENTED_EDGE('',*,*,#1285,.T.);
#1668=ORIENTED_EDGE('',*,*,#1286,.T.);
#1669=ORIENTED_EDGE('',*,*,#1287,.T.);
#1670=ORIENTED_EDGE('',*,*,#1288,.T.);
#1671=ORIENTED_EDGE('',*,*,#1289,.F.);
#1672=ORIENTED_EDGE('',*,*,#1290,.F.);
#1673=ORIENTED_EDGE('',*,*,#1291,.F.);
#1674=ORIENTED_EDGE('',*,*,#1292,.F.);
#1675=ORIENTED_EDGE('',*,*,#1275,.F.);
#1676=ORIENTED_EDGE('',*,*,#1293,.F.);
#1677=ORIENTED_EDGE('',*,*,#1294,.F.);
#1678=ORIENTED_EDGE('',*,*,#1295,.T.);
#1679=ORIENTED_EDGE('',*,*,#1296,.T.);
#1680=ORIENTED_EDGE('',*,*,#1297,.F.);
#1681=ORIENTED_EDGE('',*,*,#1296,.F.);
#1682=ORIENTED_EDGE('',*,*,#1298,.T.);
#1683=ORIENTED_EDGE('',*,*,#1299,.F.);
#1684=ORIENTED_EDGE('',*,*,#1300,.F.);
#1685=ORIENTED_EDGE('',*,*,#1301,.T.);
#1686=ORIENTED_EDGE('',*,*,#1302,.F.);
#1687=ORIENTED_EDGE('',*,*,#1303,.F.);
#1688=ORIENTED_EDGE('',*,*,#1301,.F.);
#1689=ORIENTED_EDGE('',*,*,#1304,.F.);
#1690=ORIENTED_EDGE('',*,*,#1305,.T.);
#1691=ORIENTED_EDGE('',*,*,#1306,.F.);
#1692=ORIENTED_EDGE('',*,*,#1307,.F.);
#1693=ORIENTED_EDGE('',*,*,#1305,.F.);
#1694=ORIENTED_EDGE('',*,*,#1308,.F.);
#1695=ORIENTED_EDGE('',*,*,#1309,.F.);
#1696=ORIENTED_EDGE('',*,*,#1310,.T.);
#1697=ORIENTED_EDGE('',*,*,#1294,.T.);
#1698=ORIENTED_EDGE('',*,*,#1311,.F.);
#1699=ORIENTED_EDGE('',*,*,#1298,.F.);
#1700=ORIENTED_EDGE('',*,*,#1295,.F.);
#1701=ORIENTED_EDGE('',*,*,#1310,.F.);
#1702=ORIENTED_EDGE('',*,*,#1306,.T.);
#1703=ORIENTED_EDGE('',*,*,#1293,.T.);
#1704=ORIENTED_EDGE('',*,*,#1297,.T.);
#1705=ORIENTED_EDGE('',*,*,#1312,.T.);
#1706=ORIENTED_EDGE('',*,*,#1313,.T.);
#1707=ORIENTED_EDGE('',*,*,#1314,.T.);
#1708=ORIENTED_EDGE('',*,*,#1315,.T.);
#1709=ORIENTED_EDGE('',*,*,#1316,.T.);
#1710=ORIENTED_EDGE('',*,*,#1308,.T.);
#1711=ORIENTED_EDGE('',*,*,#1304,.T.);
#1712=ORIENTED_EDGE('',*,*,#1300,.T.);
#1713=ORIENTED_EDGE('',*,*,#1317,.T.);
#1714=ORIENTED_EDGE('',*,*,#1290,.T.);
#1715=ORIENTED_EDGE('',*,*,#1318,.F.);
#1716=ORIENTED_EDGE('',*,*,#1319,.F.);
#1717=ORIENTED_EDGE('',*,*,#1320,.T.);
#1718=ORIENTED_EDGE('',*,*,#1272,.T.);
#1719=ORIENTED_EDGE('',*,*,#1321,.T.);
#1720=ORIENTED_EDGE('',*,*,#1322,.T.);
#1721=ORIENTED_EDGE('',*,*,#1321,.F.);
#1722=ORIENTED_EDGE('',*,*,#1323,.F.);
#1723=ORIENTED_EDGE('',*,*,#1324,.T.);
#1724=ORIENTED_EDGE('',*,*,#1322,.F.);
#1725=ORIENTED_EDGE('',*,*,#1324,.F.);
#1726=ORIENTED_EDGE('',*,*,#1325,.F.);
#1727=ORIENTED_EDGE('',*,*,#1326,.T.);
#1728=ORIENTED_EDGE('',*,*,#1327,.T.);
#1729=ORIENTED_EDGE('',*,*,#1325,.T.);
#1730=ORIENTED_EDGE('',*,*,#1323,.T.);
#1731=ORIENTED_EDGE('',*,*,#1327,.F.);
#1732=ORIENTED_EDGE('',*,*,#1328,.F.);
#1733=ORIENTED_EDGE('',*,*,#1329,.T.);
#1734=ORIENTED_EDGE('',*,*,#1313,.F.);
#1735=ORIENTED_EDGE('',*,*,#1330,.T.);
#1736=ORIENTED_EDGE('',*,*,#1331,.F.);
#1737=ORIENTED_EDGE('',*,*,#1332,.T.);
#1738=ORIENTED_EDGE('',*,*,#1333,.F.);
#1739=ORIENTED_EDGE('',*,*,#1334,.T.);
#1740=ORIENTED_EDGE('',*,*,#1335,.F.);
#1741=ORIENTED_EDGE('',*,*,#1336,.F.);
#1742=ORIENTED_EDGE('',*,*,#1326,.F.);
#1743=ORIENTED_EDGE('',*,*,#1335,.T.);
#1744=ORIENTED_EDGE('',*,*,#1337,.T.);
#1745=ORIENTED_EDGE('',*,*,#1338,.T.);
#1746=ORIENTED_EDGE('',*,*,#1339,.T.);
#1747=ORIENTED_EDGE('',*,*,#1337,.F.);
#1748=ORIENTED_EDGE('',*,*,#1340,.F.);
#1749=ORIENTED_EDGE('',*,*,#1266,.F.);
#1750=ORIENTED_EDGE('',*,*,#1341,.T.);
#1751=ORIENTED_EDGE('',*,*,#1338,.F.);
#1752=ORIENTED_EDGE('',*,*,#1339,.F.);
#1753=ORIENTED_EDGE('',*,*,#1341,.F.);
#1754=ORIENTED_EDGE('',*,*,#1265,.F.);
#1755=ORIENTED_EDGE('',*,*,#1342,.F.);
#1756=ORIENTED_EDGE('',*,*,#1343,.F.);
#1757=ORIENTED_EDGE('',*,*,#1344,.F.);
#1758=ORIENTED_EDGE('',*,*,#1345,.F.);
#1759=ORIENTED_EDGE('',*,*,#1346,.F.);
#1760=ORIENTED_EDGE('',*,*,#1288,.F.);
#1761=ORIENTED_EDGE('',*,*,#1346,.T.);
#1762=ORIENTED_EDGE('',*,*,#1347,.T.);
#1763=ORIENTED_EDGE('',*,*,#1348,.T.);
#1764=ORIENTED_EDGE('',*,*,#1349,.F.);
#1765=ORIENTED_EDGE('',*,*,#1318,.T.);
#1766=ORIENTED_EDGE('',*,*,#1289,.T.);
#1767=ORIENTED_EDGE('',*,*,#1344,.T.);
#1768=ORIENTED_EDGE('',*,*,#1350,.T.);
#1769=ORIENTED_EDGE('',*,*,#1351,.T.);
#1770=ORIENTED_EDGE('',*,*,#1352,.T.);
#1771=ORIENTED_EDGE('',*,*,#1343,.T.);
#1772=ORIENTED_EDGE('',*,*,#1353,.T.);
#1773=ORIENTED_EDGE('',*,*,#1354,.T.);
#1774=ORIENTED_EDGE('',*,*,#1350,.F.);
#1775=ORIENTED_EDGE('',*,*,#1340,.T.);
#1776=ORIENTED_EDGE('',*,*,#1287,.F.);
#1777=ORIENTED_EDGE('',*,*,#1355,.F.);
#1778=ORIENTED_EDGE('',*,*,#1267,.T.);
#1779=ORIENTED_EDGE('',*,*,#1342,.T.);
#1780=ORIENTED_EDGE('',*,*,#1264,.T.);
#1781=ORIENTED_EDGE('',*,*,#1356,.T.);
#1782=ORIENTED_EDGE('',*,*,#1353,.F.);
#1783=ORIENTED_EDGE('',*,*,#1336,.T.);
#1784=ORIENTED_EDGE('',*,*,#1357,.T.);
#1785=ORIENTED_EDGE('',*,*,#1358,.T.);
#1786=ORIENTED_EDGE('',*,*,#1359,.T.);
#1787=ORIENTED_EDGE('',*,*,#1357,.F.);
#1788=ORIENTED_EDGE('',*,*,#1256,.F.);
#1789=ORIENTED_EDGE('',*,*,#1360,.F.);
#1790=ORIENTED_EDGE('',*,*,#1351,.F.);
#1791=ORIENTED_EDGE('',*,*,#1354,.F.);
#1792=ORIENTED_EDGE('',*,*,#1356,.F.);
#1793=ORIENTED_EDGE('',*,*,#1263,.F.);
#1794=ORIENTED_EDGE('',*,*,#1361,.T.);
#1795=ORIENTED_EDGE('',*,*,#1358,.F.);
#1796=ORIENTED_EDGE('',*,*,#1359,.F.);
#1797=ORIENTED_EDGE('',*,*,#1361,.F.);
#1798=ORIENTED_EDGE('',*,*,#1262,.F.);
#1799=ORIENTED_EDGE('',*,*,#1280,.F.);
#1800=ORIENTED_EDGE('',*,*,#1283,.F.);
#1801=ORIENTED_EDGE('',*,*,#1273,.F.);
#1802=ORIENTED_EDGE('',*,*,#1345,.T.);
#1803=ORIENTED_EDGE('',*,*,#1352,.F.);
#1804=ORIENTED_EDGE('',*,*,#1360,.T.);
#1805=ORIENTED_EDGE('',*,*,#1362,.T.);
#1806=ORIENTED_EDGE('',*,*,#1363,.F.);
#1807=ORIENTED_EDGE('',*,*,#1347,.F.);
#1808=ORIENTED_EDGE('',*,*,#1285,.F.);
#1809=ORIENTED_EDGE('',*,*,#1364,.F.);
#1810=ORIENTED_EDGE('',*,*,#1269,.T.);
#1811=ORIENTED_EDGE('',*,*,#1365,.T.);
#1812=ORIENTED_EDGE('',*,*,#1284,.F.);
#1813=ORIENTED_EDGE('',*,*,#1281,.F.);
#1814=ORIENTED_EDGE('',*,*,#1270,.T.);
#1815=ORIENTED_EDGE('',*,*,#1364,.T.);
#1816=ORIENTED_EDGE('',*,*,#1286,.F.);
#1817=ORIENTED_EDGE('',*,*,#1365,.F.);
#1818=ORIENTED_EDGE('',*,*,#1268,.T.);
#1819=ORIENTED_EDGE('',*,*,#1355,.T.);
#1820=ORIENTED_EDGE('',*,*,#1244,.T.);
#1821=ORIENTED_EDGE('',*,*,#1260,.F.);
#1822=ORIENTED_EDGE('',*,*,#1366,.F.);
#1823=ORIENTED_EDGE('',*,*,#1367,.F.);
#1824=ORIENTED_EDGE('',*,*,#1368,.F.);
#1825=ORIENTED_EDGE('',*,*,#1362,.F.);
#1826=ORIENTED_EDGE('',*,*,#1255,.F.);
#1827=ORIENTED_EDGE('',*,*,#1245,.T.);
#1828=ORIENTED_EDGE('',*,*,#1242,.T.);
#1829=ORIENTED_EDGE('',*,*,#1278,.F.);
#1830=ORIENTED_EDGE('',*,*,#1369,.F.);
#1831=ORIENTED_EDGE('',*,*,#1366,.T.);
#1832=ORIENTED_EDGE('',*,*,#1259,.F.);
#1833=ORIENTED_EDGE('',*,*,#1370,.T.);
#1834=ORIENTED_EDGE('',*,*,#1348,.F.);
#1835=ORIENTED_EDGE('',*,*,#1363,.T.);
#1836=ORIENTED_EDGE('',*,*,#1368,.T.);
#1837=ORIENTED_EDGE('',*,*,#1371,.F.);
#1838=ORIENTED_EDGE('',*,*,#1372,.T.);
#1839=ORIENTED_EDGE('',*,*,#1373,.F.);
#1840=ORIENTED_EDGE('',*,*,#1374,.F.);
#1841=ORIENTED_EDGE('',*,*,#1375,.F.);
#1842=ORIENTED_EDGE('',*,*,#1367,.T.);
#1843=ORIENTED_EDGE('',*,*,#1369,.T.);
#1844=ORIENTED_EDGE('',*,*,#1277,.T.);
#1845=ORIENTED_EDGE('',*,*,#1376,.F.);
#1846=ORIENTED_EDGE('',*,*,#1377,.F.);
#1847=ORIENTED_EDGE('',*,*,#1378,.F.);
#1848=ORIENTED_EDGE('',*,*,#1371,.T.);
#1849=ORIENTED_EDGE('',*,*,#1276,.T.);
#1850=ORIENTED_EDGE('',*,*,#1292,.T.);
#1851=ORIENTED_EDGE('',*,*,#1379,.T.);
#1852=ORIENTED_EDGE('',*,*,#1380,.T.);
#1853=ORIENTED_EDGE('',*,*,#1381,.F.);
#1854=ORIENTED_EDGE('',*,*,#1334,.F.);
#1855=ORIENTED_EDGE('',*,*,#1382,.F.);
#1856=ORIENTED_EDGE('',*,*,#1376,.T.);
#1857=ORIENTED_EDGE('',*,*,#1383,.T.);
#1858=ORIENTED_EDGE('',*,*,#1375,.T.);
#1859=ORIENTED_EDGE('',*,*,#1384,.F.);
#1860=ORIENTED_EDGE('',*,*,#1385,.F.);
#1861=ORIENTED_EDGE('',*,*,#1380,.F.);
#1862=ORIENTED_EDGE('',*,*,#1328,.T.);
#1863=ORIENTED_EDGE('',*,*,#1381,.T.);
#1864=ORIENTED_EDGE('',*,*,#1385,.T.);
#1865=ORIENTED_EDGE('',*,*,#1386,.T.);
#1866=ORIENTED_EDGE('',*,*,#1333,.T.);
#1867=ORIENTED_EDGE('',*,*,#1387,.T.);
#1868=ORIENTED_EDGE('',*,*,#1377,.T.);
#1869=ORIENTED_EDGE('',*,*,#1382,.T.);
#1870=ORIENTED_EDGE('',*,*,#1331,.T.);
#1871=ORIENTED_EDGE('',*,*,#1388,.T.);
#1872=ORIENTED_EDGE('',*,*,#1389,.T.);
#1873=ORIENTED_EDGE('',*,*,#1390,.T.);
#1874=ORIENTED_EDGE('',*,*,#1389,.F.);
#1875=ORIENTED_EDGE('',*,*,#1391,.T.);
#1876=ORIENTED_EDGE('',*,*,#1315,.F.);
#1877=ORIENTED_EDGE('',*,*,#1392,.T.);
#1878=ORIENTED_EDGE('',*,*,#1373,.T.);
#1879=ORIENTED_EDGE('',*,*,#1393,.T.);
#1880=ORIENTED_EDGE('',*,*,#1307,.T.);
#1881=ORIENTED_EDGE('',*,*,#1316,.F.);
#1882=ORIENTED_EDGE('',*,*,#1391,.F.);
#1883=ORIENTED_EDGE('',*,*,#1388,.F.);
#1884=ORIENTED_EDGE('',*,*,#1330,.F.);
#1885=ORIENTED_EDGE('',*,*,#1312,.F.);
#1886=ORIENTED_EDGE('',*,*,#1302,.T.);
#1887=ORIENTED_EDGE('',*,*,#1303,.T.);
#1888=ORIENTED_EDGE('',*,*,#1349,.T.);
#1889=ORIENTED_EDGE('',*,*,#1370,.F.);
#1890=ORIENTED_EDGE('',*,*,#1394,.T.);
#1891=ORIENTED_EDGE('',*,*,#1319,.T.);
#1892=ORIENTED_EDGE('',*,*,#1309,.T.);
#1893=ORIENTED_EDGE('',*,*,#1320,.F.);
#1894=ORIENTED_EDGE('',*,*,#1394,.F.);
#1895=ORIENTED_EDGE('',*,*,#1383,.F.);
#1896=ORIENTED_EDGE('',*,*,#1379,.F.);
#1897=ORIENTED_EDGE('',*,*,#1291,.T.);
#1898=ORIENTED_EDGE('',*,*,#1317,.F.);
#1899=ORIENTED_EDGE('',*,*,#1299,.T.);
#1900=ORIENTED_EDGE('',*,*,#1311,.T.);
#1901=ORIENTED_EDGE('',*,*,#1387,.F.);
#1902=ORIENTED_EDGE('',*,*,#1332,.F.);
#1903=ORIENTED_EDGE('',*,*,#1390,.F.);
#1904=ORIENTED_EDGE('',*,*,#1393,.F.);
#1905=ORIENTED_EDGE('',*,*,#1372,.F.);
#1906=ORIENTED_EDGE('',*,*,#1378,.T.);
#1907=ORIENTED_EDGE('',*,*,#1386,.F.);
#1908=ORIENTED_EDGE('',*,*,#1384,.T.);
#1909=ORIENTED_EDGE('',*,*,#1374,.T.);
#1910=ORIENTED_EDGE('',*,*,#1392,.F.);
#1911=ORIENTED_EDGE('',*,*,#1314,.F.);
#1912=ORIENTED_EDGE('',*,*,#1329,.F.);
#1913=ORIENTED_EDGE('',*,*,#1395,.F.);
#1914=ORIENTED_EDGE('',*,*,#1396,.F.);
#1915=ORIENTED_EDGE('',*,*,#1397,.F.);
#1916=ORIENTED_EDGE('',*,*,#1398,.F.);
#1917=ORIENTED_EDGE('',*,*,#1399,.F.);
#1918=ORIENTED_EDGE('',*,*,#1400,.F.);
#1919=ORIENTED_EDGE('',*,*,#1401,.F.);
#1920=ORIENTED_EDGE('',*,*,#1402,.F.);
#1921=ORIENTED_EDGE('',*,*,#1403,.F.);
#1922=ORIENTED_EDGE('',*,*,#1404,.F.);
#1923=ORIENTED_EDGE('',*,*,#1405,.F.);
#1924=ORIENTED_EDGE('',*,*,#1406,.F.);
#1925=ORIENTED_EDGE('',*,*,#1396,.T.);
#1926=ORIENTED_EDGE('',*,*,#1398,.T.);
#1927=ORIENTED_EDGE('',*,*,#1395,.T.);
#1928=ORIENTED_EDGE('',*,*,#1407,.T.);
#1929=ORIENTED_EDGE('',*,*,#1408,.T.);
#1930=ORIENTED_EDGE('',*,*,#1407,.F.);
#1931=ORIENTED_EDGE('',*,*,#1397,.T.);
#1932=ORIENTED_EDGE('',*,*,#1406,.T.);
#1933=ORIENTED_EDGE('',*,*,#1409,.T.);
#1934=ORIENTED_EDGE('',*,*,#1410,.F.);
#1935=ORIENTED_EDGE('',*,*,#1411,.T.);
#1936=ORIENTED_EDGE('',*,*,#1412,.F.);
#1937=ORIENTED_EDGE('',*,*,#1413,.F.);
#1938=ORIENTED_EDGE('',*,*,#1414,.F.);
#1939=ORIENTED_EDGE('',*,*,#1413,.T.);
#1940=ORIENTED_EDGE('',*,*,#1415,.F.);
#1941=ORIENTED_EDGE('',*,*,#1416,.F.);
#1942=ORIENTED_EDGE('',*,*,#1417,.F.);
#1943=ORIENTED_EDGE('',*,*,#1416,.T.);
#1944=ORIENTED_EDGE('',*,*,#1418,.F.);
#1945=ORIENTED_EDGE('',*,*,#1419,.F.);
#1946=ORIENTED_EDGE('',*,*,#1420,.F.);
#1947=ORIENTED_EDGE('',*,*,#1419,.T.);
#1948=ORIENTED_EDGE('',*,*,#1421,.F.);
#1949=ORIENTED_EDGE('',*,*,#1411,.F.);
#1950=ORIENTED_EDGE('',*,*,#1421,.T.);
#1951=ORIENTED_EDGE('',*,*,#1418,.T.);
#1952=ORIENTED_EDGE('',*,*,#1415,.T.);
#1953=ORIENTED_EDGE('',*,*,#1412,.T.);
#1954=ORIENTED_EDGE('',*,*,#1399,.T.);
#1955=ORIENTED_EDGE('',*,*,#1409,.F.);
#1956=ORIENTED_EDGE('',*,*,#1405,.T.);
#1957=ORIENTED_EDGE('',*,*,#1422,.F.);
#1958=ORIENTED_EDGE('',*,*,#1408,.F.);
#1959=ORIENTED_EDGE('',*,*,#1410,.T.);
#1960=ORIENTED_EDGE('',*,*,#1414,.T.);
#1961=ORIENTED_EDGE('',*,*,#1417,.T.);
#1962=ORIENTED_EDGE('',*,*,#1420,.T.);
#1963=ORIENTED_EDGE('',*,*,#1401,.T.);
#1964=ORIENTED_EDGE('',*,*,#1423,.F.);
#1965=ORIENTED_EDGE('',*,*,#1403,.T.);
#1966=ORIENTED_EDGE('',*,*,#1424,.T.);
#1967=ORIENTED_EDGE('',*,*,#1400,.T.);
#1968=ORIENTED_EDGE('',*,*,#1422,.T.);
#1969=ORIENTED_EDGE('',*,*,#1404,.T.);
#1970=ORIENTED_EDGE('',*,*,#1423,.T.);
#1971=ORIENTED_EDGE('',*,*,#1402,.T.);
#1972=ORIENTED_EDGE('',*,*,#1424,.F.);
#1973=ORIENTED_EDGE('',*,*,#1425,.F.);
#1974=ORIENTED_EDGE('',*,*,#1426,.T.);
#1975=ORIENTED_EDGE('',*,*,#1427,.F.);
#1976=ORIENTED_EDGE('',*,*,#1428,.F.);
#1977=ORIENTED_EDGE('',*,*,#1429,.F.);
#1978=ORIENTED_EDGE('',*,*,#1428,.T.);
#1979=ORIENTED_EDGE('',*,*,#1430,.F.);
#1980=ORIENTED_EDGE('',*,*,#1431,.F.);
#1981=ORIENTED_EDGE('',*,*,#1432,.F.);
#1982=ORIENTED_EDGE('',*,*,#1431,.T.);
#1983=ORIENTED_EDGE('',*,*,#1433,.F.);
#1984=ORIENTED_EDGE('',*,*,#1434,.F.);
#1985=ORIENTED_EDGE('',*,*,#1435,.F.);
#1986=ORIENTED_EDGE('',*,*,#1434,.T.);
#1987=ORIENTED_EDGE('',*,*,#1436,.F.);
#1988=ORIENTED_EDGE('',*,*,#1437,.F.);
#1989=ORIENTED_EDGE('',*,*,#1438,.F.);
#1990=ORIENTED_EDGE('',*,*,#1437,.T.);
#1991=ORIENTED_EDGE('',*,*,#1439,.F.);
#1992=ORIENTED_EDGE('',*,*,#1440,.F.);
#1993=ORIENTED_EDGE('',*,*,#1441,.F.);
#1994=ORIENTED_EDGE('',*,*,#1440,.T.);
#1995=ORIENTED_EDGE('',*,*,#1442,.F.);
#1996=ORIENTED_EDGE('',*,*,#1426,.F.);
#1997=ORIENTED_EDGE('',*,*,#1442,.T.);
#1998=ORIENTED_EDGE('',*,*,#1439,.T.);
#1999=ORIENTED_EDGE('',*,*,#1436,.T.);
#2000=ORIENTED_EDGE('',*,*,#1433,.T.);
#2001=ORIENTED_EDGE('',*,*,#1430,.T.);
#2002=ORIENTED_EDGE('',*,*,#1427,.T.);
#2003=ORIENTED_EDGE('',*,*,#1443,.F.);
#2004=ORIENTED_EDGE('',*,*,#1444,.T.);
#2005=ORIENTED_EDGE('',*,*,#1445,.F.);
#2006=ORIENTED_EDGE('',*,*,#1446,.F.);
#2007=ORIENTED_EDGE('',*,*,#1447,.F.);
#2008=ORIENTED_EDGE('',*,*,#1446,.T.);
#2009=ORIENTED_EDGE('',*,*,#1448,.F.);
#2010=ORIENTED_EDGE('',*,*,#1449,.F.);
#2011=ORIENTED_EDGE('',*,*,#1450,.F.);
#2012=ORIENTED_EDGE('',*,*,#1449,.T.);
#2013=ORIENTED_EDGE('',*,*,#1451,.F.);
#2014=ORIENTED_EDGE('',*,*,#1452,.F.);
#2015=ORIENTED_EDGE('',*,*,#1453,.F.);
#2016=ORIENTED_EDGE('',*,*,#1452,.T.);
#2017=ORIENTED_EDGE('',*,*,#1454,.F.);
#2018=ORIENTED_EDGE('',*,*,#1455,.F.);
#2019=ORIENTED_EDGE('',*,*,#1456,.F.);
#2020=ORIENTED_EDGE('',*,*,#1455,.T.);
#2021=ORIENTED_EDGE('',*,*,#1457,.F.);
#2022=ORIENTED_EDGE('',*,*,#1458,.F.);
#2023=ORIENTED_EDGE('',*,*,#1459,.F.);
#2024=ORIENTED_EDGE('',*,*,#1458,.T.);
#2025=ORIENTED_EDGE('',*,*,#1460,.F.);
#2026=ORIENTED_EDGE('',*,*,#1461,.F.);
#2027=ORIENTED_EDGE('',*,*,#1462,.F.);
#2028=ORIENTED_EDGE('',*,*,#1461,.T.);
#2029=ORIENTED_EDGE('',*,*,#1463,.F.);
#2030=ORIENTED_EDGE('',*,*,#1464,.F.);
#2031=ORIENTED_EDGE('',*,*,#1465,.F.);
#2032=ORIENTED_EDGE('',*,*,#1464,.T.);
#2033=ORIENTED_EDGE('',*,*,#1466,.F.);
#2034=ORIENTED_EDGE('',*,*,#1467,.F.);
#2035=ORIENTED_EDGE('',*,*,#1468,.F.);
#2036=ORIENTED_EDGE('',*,*,#1467,.T.);
#2037=ORIENTED_EDGE('',*,*,#1469,.F.);
#2038=ORIENTED_EDGE('',*,*,#1470,.F.);
#2039=ORIENTED_EDGE('',*,*,#1471,.F.);
#2040=ORIENTED_EDGE('',*,*,#1470,.T.);
#2041=ORIENTED_EDGE('',*,*,#1472,.F.);
#2042=ORIENTED_EDGE('',*,*,#1473,.F.);
#2043=ORIENTED_EDGE('',*,*,#1474,.F.);
#2044=ORIENTED_EDGE('',*,*,#1473,.T.);
#2045=ORIENTED_EDGE('',*,*,#1475,.F.);
#2046=ORIENTED_EDGE('',*,*,#1476,.F.);
#2047=ORIENTED_EDGE('',*,*,#1477,.F.);
#2048=ORIENTED_EDGE('',*,*,#1476,.T.);
#2049=ORIENTED_EDGE('',*,*,#1478,.F.);
#2050=ORIENTED_EDGE('',*,*,#1479,.F.);
#2051=ORIENTED_EDGE('',*,*,#1480,.F.);
#2052=ORIENTED_EDGE('',*,*,#1479,.T.);
#2053=ORIENTED_EDGE('',*,*,#1481,.F.);
#2054=ORIENTED_EDGE('',*,*,#1482,.F.);
#2055=ORIENTED_EDGE('',*,*,#1483,.F.);
#2056=ORIENTED_EDGE('',*,*,#1482,.T.);
#2057=ORIENTED_EDGE('',*,*,#1484,.F.);
#2058=ORIENTED_EDGE('',*,*,#1485,.F.);
#2059=ORIENTED_EDGE('',*,*,#1486,.F.);
#2060=ORIENTED_EDGE('',*,*,#1485,.T.);
#2061=ORIENTED_EDGE('',*,*,#1487,.F.);
#2062=ORIENTED_EDGE('',*,*,#1488,.F.);
#2063=ORIENTED_EDGE('',*,*,#1489,.F.);
#2064=ORIENTED_EDGE('',*,*,#1488,.T.);
#2065=ORIENTED_EDGE('',*,*,#1490,.F.);
#2066=ORIENTED_EDGE('',*,*,#1491,.F.);
#2067=ORIENTED_EDGE('',*,*,#1492,.F.);
#2068=ORIENTED_EDGE('',*,*,#1491,.T.);
#2069=ORIENTED_EDGE('',*,*,#1493,.F.);
#2070=ORIENTED_EDGE('',*,*,#1494,.F.);
#2071=ORIENTED_EDGE('',*,*,#1495,.F.);
#2072=ORIENTED_EDGE('',*,*,#1494,.T.);
#2073=ORIENTED_EDGE('',*,*,#1496,.F.);
#2074=ORIENTED_EDGE('',*,*,#1497,.F.);
#2075=ORIENTED_EDGE('',*,*,#1498,.F.);
#2076=ORIENTED_EDGE('',*,*,#1497,.T.);
#2077=ORIENTED_EDGE('',*,*,#1499,.F.);
#2078=ORIENTED_EDGE('',*,*,#1500,.F.);
#2079=ORIENTED_EDGE('',*,*,#1501,.F.);
#2080=ORIENTED_EDGE('',*,*,#1500,.T.);
#2081=ORIENTED_EDGE('',*,*,#1502,.F.);
#2082=ORIENTED_EDGE('',*,*,#1503,.F.);
#2083=ORIENTED_EDGE('',*,*,#1504,.F.);
#2084=ORIENTED_EDGE('',*,*,#1503,.T.);
#2085=ORIENTED_EDGE('',*,*,#1505,.F.);
#2086=ORIENTED_EDGE('',*,*,#1444,.F.);
#2087=ORIENTED_EDGE('',*,*,#1505,.T.);
#2088=ORIENTED_EDGE('',*,*,#1502,.T.);
#2089=ORIENTED_EDGE('',*,*,#1499,.T.);
#2090=ORIENTED_EDGE('',*,*,#1496,.T.);
#2091=ORIENTED_EDGE('',*,*,#1493,.T.);
#2092=ORIENTED_EDGE('',*,*,#1490,.T.);
#2093=ORIENTED_EDGE('',*,*,#1487,.T.);
#2094=ORIENTED_EDGE('',*,*,#1484,.T.);
#2095=ORIENTED_EDGE('',*,*,#1481,.T.);
#2096=ORIENTED_EDGE('',*,*,#1478,.T.);
#2097=ORIENTED_EDGE('',*,*,#1475,.T.);
#2098=ORIENTED_EDGE('',*,*,#1472,.T.);
#2099=ORIENTED_EDGE('',*,*,#1469,.T.);
#2100=ORIENTED_EDGE('',*,*,#1466,.T.);
#2101=ORIENTED_EDGE('',*,*,#1463,.T.);
#2102=ORIENTED_EDGE('',*,*,#1460,.T.);
#2103=ORIENTED_EDGE('',*,*,#1457,.T.);
#2104=ORIENTED_EDGE('',*,*,#1454,.T.);
#2105=ORIENTED_EDGE('',*,*,#1451,.T.);
#2106=ORIENTED_EDGE('',*,*,#1448,.T.);
#2107=ORIENTED_EDGE('',*,*,#1445,.T.);
#2108=ORIENTED_EDGE('',*,*,#1506,.F.);
#2109=ORIENTED_EDGE('',*,*,#1507,.T.);
#2110=ORIENTED_EDGE('',*,*,#1508,.F.);
#2111=ORIENTED_EDGE('',*,*,#1509,.F.);
#2112=ORIENTED_EDGE('',*,*,#1510,.F.);
#2113=ORIENTED_EDGE('',*,*,#1509,.T.);
#2114=ORIENTED_EDGE('',*,*,#1511,.F.);
#2115=ORIENTED_EDGE('',*,*,#1512,.F.);
#2116=ORIENTED_EDGE('',*,*,#1513,.F.);
#2117=ORIENTED_EDGE('',*,*,#1512,.T.);
#2118=ORIENTED_EDGE('',*,*,#1514,.F.);
#2119=ORIENTED_EDGE('',*,*,#1515,.F.);
#2120=ORIENTED_EDGE('',*,*,#1516,.F.);
#2121=ORIENTED_EDGE('',*,*,#1515,.T.);
#2122=ORIENTED_EDGE('',*,*,#1517,.F.);
#2123=ORIENTED_EDGE('',*,*,#1518,.F.);
#2124=ORIENTED_EDGE('',*,*,#1519,.F.);
#2125=ORIENTED_EDGE('',*,*,#1518,.T.);
#2126=ORIENTED_EDGE('',*,*,#1520,.F.);
#2127=ORIENTED_EDGE('',*,*,#1521,.F.);
#2128=ORIENTED_EDGE('',*,*,#1522,.F.);
#2129=ORIENTED_EDGE('',*,*,#1521,.T.);
#2130=ORIENTED_EDGE('',*,*,#1523,.F.);
#2131=ORIENTED_EDGE('',*,*,#1524,.F.);
#2132=ORIENTED_EDGE('',*,*,#1525,.F.);
#2133=ORIENTED_EDGE('',*,*,#1524,.T.);
#2134=ORIENTED_EDGE('',*,*,#1526,.F.);
#2135=ORIENTED_EDGE('',*,*,#1527,.F.);
#2136=ORIENTED_EDGE('',*,*,#1528,.F.);
#2137=ORIENTED_EDGE('',*,*,#1527,.T.);
#2138=ORIENTED_EDGE('',*,*,#1529,.F.);
#2139=ORIENTED_EDGE('',*,*,#1530,.F.);
#2140=ORIENTED_EDGE('',*,*,#1531,.F.);
#2141=ORIENTED_EDGE('',*,*,#1530,.T.);
#2142=ORIENTED_EDGE('',*,*,#1532,.F.);
#2143=ORIENTED_EDGE('',*,*,#1533,.F.);
#2144=ORIENTED_EDGE('',*,*,#1534,.F.);
#2145=ORIENTED_EDGE('',*,*,#1533,.T.);
#2146=ORIENTED_EDGE('',*,*,#1535,.F.);
#2147=ORIENTED_EDGE('',*,*,#1536,.F.);
#2148=ORIENTED_EDGE('',*,*,#1537,.F.);
#2149=ORIENTED_EDGE('',*,*,#1536,.T.);
#2150=ORIENTED_EDGE('',*,*,#1538,.F.);
#2151=ORIENTED_EDGE('',*,*,#1539,.F.);
#2152=ORIENTED_EDGE('',*,*,#1540,.F.);
#2153=ORIENTED_EDGE('',*,*,#1539,.T.);
#2154=ORIENTED_EDGE('',*,*,#1541,.F.);
#2155=ORIENTED_EDGE('',*,*,#1507,.F.);
#2156=ORIENTED_EDGE('',*,*,#1541,.T.);
#2157=ORIENTED_EDGE('',*,*,#1538,.T.);
#2158=ORIENTED_EDGE('',*,*,#1535,.T.);
#2159=ORIENTED_EDGE('',*,*,#1532,.T.);
#2160=ORIENTED_EDGE('',*,*,#1529,.T.);
#2161=ORIENTED_EDGE('',*,*,#1526,.T.);
#2162=ORIENTED_EDGE('',*,*,#1523,.T.);
#2163=ORIENTED_EDGE('',*,*,#1520,.T.);
#2164=ORIENTED_EDGE('',*,*,#1517,.T.);
#2165=ORIENTED_EDGE('',*,*,#1514,.T.);
#2166=ORIENTED_EDGE('',*,*,#1511,.T.);
#2167=ORIENTED_EDGE('',*,*,#1508,.T.);
#2168=ORIENTED_EDGE('',*,*,#1542,.T.);
#2169=ORIENTED_EDGE('',*,*,#1543,.T.);
#2170=ORIENTED_EDGE('',*,*,#1544,.T.);
#2171=ORIENTED_EDGE('',*,*,#1543,.F.);
#2172=ORIENTED_EDGE('',*,*,#1542,.F.);
#2173=ORIENTED_EDGE('',*,*,#1545,.T.);
#2174=ORIENTED_EDGE('',*,*,#1546,.F.);
#2175=ORIENTED_EDGE('',*,*,#1545,.F.);
#2176=ORIENTED_EDGE('',*,*,#1544,.F.);
#2177=ORIENTED_EDGE('',*,*,#1425,.T.);
#2178=ORIENTED_EDGE('',*,*,#1429,.T.);
#2179=ORIENTED_EDGE('',*,*,#1432,.T.);
#2180=ORIENTED_EDGE('',*,*,#1435,.T.);
#2181=ORIENTED_EDGE('',*,*,#1438,.T.);
#2182=ORIENTED_EDGE('',*,*,#1441,.T.);
#2183=ORIENTED_EDGE('',*,*,#1443,.T.);
#2184=ORIENTED_EDGE('',*,*,#1447,.T.);
#2185=ORIENTED_EDGE('',*,*,#1450,.T.);
#2186=ORIENTED_EDGE('',*,*,#1453,.T.);
#2187=ORIENTED_EDGE('',*,*,#1456,.T.);
#2188=ORIENTED_EDGE('',*,*,#1459,.T.);
#2189=ORIENTED_EDGE('',*,*,#1462,.T.);
#2190=ORIENTED_EDGE('',*,*,#1465,.T.);
#2191=ORIENTED_EDGE('',*,*,#1468,.T.);
#2192=ORIENTED_EDGE('',*,*,#1471,.T.);
#2193=ORIENTED_EDGE('',*,*,#1474,.T.);
#2194=ORIENTED_EDGE('',*,*,#1477,.T.);
#2195=ORIENTED_EDGE('',*,*,#1480,.T.);
#2196=ORIENTED_EDGE('',*,*,#1483,.T.);
#2197=ORIENTED_EDGE('',*,*,#1486,.T.);
#2198=ORIENTED_EDGE('',*,*,#1489,.T.);
#2199=ORIENTED_EDGE('',*,*,#1492,.T.);
#2200=ORIENTED_EDGE('',*,*,#1495,.T.);
#2201=ORIENTED_EDGE('',*,*,#1498,.T.);
#2202=ORIENTED_EDGE('',*,*,#1501,.T.);
#2203=ORIENTED_EDGE('',*,*,#1504,.T.);
#2204=ORIENTED_EDGE('',*,*,#1506,.T.);
#2205=ORIENTED_EDGE('',*,*,#1510,.T.);
#2206=ORIENTED_EDGE('',*,*,#1513,.T.);
#2207=ORIENTED_EDGE('',*,*,#1516,.T.);
#2208=ORIENTED_EDGE('',*,*,#1519,.T.);
#2209=ORIENTED_EDGE('',*,*,#1522,.T.);
#2210=ORIENTED_EDGE('',*,*,#1525,.T.);
#2211=ORIENTED_EDGE('',*,*,#1528,.T.);
#2212=ORIENTED_EDGE('',*,*,#1531,.T.);
#2213=ORIENTED_EDGE('',*,*,#1534,.T.);
#2214=ORIENTED_EDGE('',*,*,#1537,.T.);
#2215=ORIENTED_EDGE('',*,*,#1540,.T.);
#2216=ORIENTED_EDGE('',*,*,#1547,.F.);
#2217=ORIENTED_EDGE('',*,*,#1548,.T.);
#2218=ORIENTED_EDGE('',*,*,#1549,.T.);
#2219=ORIENTED_EDGE('',*,*,#1548,.F.);
#2220=ORIENTED_EDGE('',*,*,#1547,.T.);
#2221=ORIENTED_EDGE('',*,*,#1546,.T.);
#2222=ORIENTED_EDGE('',*,*,#1549,.F.);
#2223=ORIENTED_EDGE('',*,*,#1550,.F.);
#2224=ORIENTED_EDGE('',*,*,#1551,.F.);
#2225=ORIENTED_EDGE('',*,*,#1552,.F.);
#2226=ORIENTED_EDGE('',*,*,#1553,.F.);
#2227=ORIENTED_EDGE('',*,*,#1554,.F.);
#2228=ORIENTED_EDGE('',*,*,#1555,.F.);
#2229=ORIENTED_EDGE('',*,*,#1556,.F.);
#2230=ORIENTED_EDGE('',*,*,#1557,.F.);
#2231=ORIENTED_EDGE('',*,*,#1558,.F.);
#2232=ORIENTED_EDGE('',*,*,#1559,.F.);
#2233=ORIENTED_EDGE('',*,*,#1560,.F.);
#2234=ORIENTED_EDGE('',*,*,#1561,.F.);
#2235=ORIENTED_EDGE('',*,*,#1551,.T.);
#2236=ORIENTED_EDGE('',*,*,#1553,.T.);
#2237=ORIENTED_EDGE('',*,*,#1550,.T.);
#2238=ORIENTED_EDGE('',*,*,#1562,.T.);
#2239=ORIENTED_EDGE('',*,*,#1563,.T.);
#2240=ORIENTED_EDGE('',*,*,#1562,.F.);
#2241=ORIENTED_EDGE('',*,*,#1552,.T.);
#2242=ORIENTED_EDGE('',*,*,#1561,.T.);
#2243=ORIENTED_EDGE('',*,*,#1564,.T.);
#2244=ORIENTED_EDGE('',*,*,#1565,.F.);
#2245=ORIENTED_EDGE('',*,*,#1566,.F.);
#2246=ORIENTED_EDGE('',*,*,#1567,.F.);
#2247=ORIENTED_EDGE('',*,*,#1568,.F.);
#2248=ORIENTED_EDGE('',*,*,#1569,.F.);
#2249=ORIENTED_EDGE('',*,*,#1570,.F.);
#2250=ORIENTED_EDGE('',*,*,#1571,.F.);
#2251=ORIENTED_EDGE('',*,*,#1572,.F.);
#2252=ORIENTED_EDGE('',*,*,#1573,.F.);
#2253=ORIENTED_EDGE('',*,*,#1574,.F.);
#2254=ORIENTED_EDGE('',*,*,#1575,.F.);
#2255=ORIENTED_EDGE('',*,*,#1576,.F.);
#2256=ORIENTED_EDGE('',*,*,#1572,.T.);
#2257=ORIENTED_EDGE('',*,*,#1577,.F.);
#2258=ORIENTED_EDGE('',*,*,#1578,.F.);
#2259=ORIENTED_EDGE('',*,*,#1579,.T.);
#2260=ORIENTED_EDGE('',*,*,#1571,.T.);
#2261=ORIENTED_EDGE('',*,*,#1580,.F.);
#2262=ORIENTED_EDGE('',*,*,#1581,.F.);
#2263=ORIENTED_EDGE('',*,*,#1577,.T.);
#2264=ORIENTED_EDGE('',*,*,#1570,.T.);
#2265=ORIENTED_EDGE('',*,*,#1582,.F.);
#2266=ORIENTED_EDGE('',*,*,#1583,.F.);
#2267=ORIENTED_EDGE('',*,*,#1580,.T.);
#2268=ORIENTED_EDGE('',*,*,#1569,.T.);
#2269=ORIENTED_EDGE('',*,*,#1584,.F.);
#2270=ORIENTED_EDGE('',*,*,#1585,.F.);
#2271=ORIENTED_EDGE('',*,*,#1582,.T.);
#2272=ORIENTED_EDGE('',*,*,#1568,.T.);
#2273=ORIENTED_EDGE('',*,*,#1586,.F.);
#2274=ORIENTED_EDGE('',*,*,#1587,.F.);
#2275=ORIENTED_EDGE('',*,*,#1584,.T.);
#2276=ORIENTED_EDGE('',*,*,#1567,.T.);
#2277=ORIENTED_EDGE('',*,*,#1588,.F.);
#2278=ORIENTED_EDGE('',*,*,#1589,.F.);
#2279=ORIENTED_EDGE('',*,*,#1586,.T.);
#2280=ORIENTED_EDGE('',*,*,#1576,.T.);
#2281=ORIENTED_EDGE('',*,*,#1590,.F.);
#2282=ORIENTED_EDGE('',*,*,#1591,.F.);
#2283=ORIENTED_EDGE('',*,*,#1592,.T.);
#2284=ORIENTED_EDGE('',*,*,#1575,.T.);
#2285=ORIENTED_EDGE('',*,*,#1593,.F.);
#2286=ORIENTED_EDGE('',*,*,#1594,.F.);
#2287=ORIENTED_EDGE('',*,*,#1590,.T.);
#2288=ORIENTED_EDGE('',*,*,#1574,.T.);
#2289=ORIENTED_EDGE('',*,*,#1595,.F.);
#2290=ORIENTED_EDGE('',*,*,#1596,.F.);
#2291=ORIENTED_EDGE('',*,*,#1593,.T.);
#2292=ORIENTED_EDGE('',*,*,#1573,.T.);
#2293=ORIENTED_EDGE('',*,*,#1579,.F.);
#2294=ORIENTED_EDGE('',*,*,#1597,.F.);
#2295=ORIENTED_EDGE('',*,*,#1595,.T.);
#2296=ORIENTED_EDGE('',*,*,#1566,.T.);
#2297=ORIENTED_EDGE('',*,*,#1598,.F.);
#2298=ORIENTED_EDGE('',*,*,#1599,.F.);
#2299=ORIENTED_EDGE('',*,*,#1588,.T.);
#2300=ORIENTED_EDGE('',*,*,#1565,.T.);
#2301=ORIENTED_EDGE('',*,*,#1592,.F.);
#2302=ORIENTED_EDGE('',*,*,#1600,.F.);
#2303=ORIENTED_EDGE('',*,*,#1598,.T.);
#2304=ORIENTED_EDGE('',*,*,#1554,.T.);
#2305=ORIENTED_EDGE('',*,*,#1564,.F.);
#2306=ORIENTED_EDGE('',*,*,#1560,.T.);
#2307=ORIENTED_EDGE('',*,*,#1601,.F.);
#2308=ORIENTED_EDGE('',*,*,#1563,.F.);
#2309=ORIENTED_EDGE('',*,*,#1591,.T.);
#2310=ORIENTED_EDGE('',*,*,#1594,.T.);
#2311=ORIENTED_EDGE('',*,*,#1596,.T.);
#2312=ORIENTED_EDGE('',*,*,#1597,.T.);
#2313=ORIENTED_EDGE('',*,*,#1578,.T.);
#2314=ORIENTED_EDGE('',*,*,#1581,.T.);
#2315=ORIENTED_EDGE('',*,*,#1583,.T.);
#2316=ORIENTED_EDGE('',*,*,#1585,.T.);
#2317=ORIENTED_EDGE('',*,*,#1587,.T.);
#2318=ORIENTED_EDGE('',*,*,#1589,.T.);
#2319=ORIENTED_EDGE('',*,*,#1599,.T.);
#2320=ORIENTED_EDGE('',*,*,#1600,.T.);
#2321=ORIENTED_EDGE('',*,*,#1556,.T.);
#2322=ORIENTED_EDGE('',*,*,#1602,.F.);
#2323=ORIENTED_EDGE('',*,*,#1558,.T.);
#2324=ORIENTED_EDGE('',*,*,#1603,.T.);
#2325=ORIENTED_EDGE('',*,*,#1555,.T.);
#2326=ORIENTED_EDGE('',*,*,#1601,.T.);
#2327=ORIENTED_EDGE('',*,*,#1559,.T.);
#2328=ORIENTED_EDGE('',*,*,#1602,.T.);
#2329=ORIENTED_EDGE('',*,*,#1557,.T.);
#2330=ORIENTED_EDGE('',*,*,#1603,.F.);
#2331=ORIENTED_EDGE('',*,*,#1604,.F.);
#2332=ORIENTED_EDGE('',*,*,#1605,.T.);
#2333=ORIENTED_EDGE('',*,*,#1606,.T.);
#2334=ORIENTED_EDGE('',*,*,#1605,.F.);
#2335=ORIENTED_EDGE('',*,*,#1604,.T.);
#2336=ORIENTED_EDGE('',*,*,#1606,.F.);
#2337=PLANE('',#2607);
#2338=PLANE('',#2615);
#2339=PLANE('',#2617);
#2340=PLANE('',#2618);
#2341=PLANE('',#2624);
#2342=PLANE('',#2625);
#2343=PLANE('',#2626);
#2344=PLANE('',#2627);
#2345=PLANE('',#2628);
#2346=PLANE('',#2630);
#2347=PLANE('',#2632);
#2348=PLANE('',#2633);
#2349=PLANE('',#2635);
#2350=PLANE('',#2636);
#2351=PLANE('',#2638);
#2352=PLANE('',#2642);
#2353=PLANE('',#2652);
#2354=PLANE('',#2665);
#2355=PLANE('',#2666);
#2356=PLANE('',#2667);
#2357=PLANE('',#2669);
#2358=PLANE('',#2670);
#2359=PLANE('',#2677);
#2360=PLANE('',#2678);
#2361=PLANE('',#2679);
#2362=PLANE('',#2680);
#2363=PLANE('',#2681);
#2364=PLANE('',#2682);
#2365=PLANE('',#2683);
#2366=PLANE('',#2684);
#2367=PLANE('',#2686);
#2368=PLANE('',#2687);
#2369=PLANE('',#2693);
#2370=PLANE('',#2694);
#2371=PLANE('',#2695);
#2372=PLANE('',#2696);
#2373=PLANE('',#2697);
#2374=PLANE('',#2698);
#2375=PLANE('',#2701);
#2376=PLANE('',#2704);
#2377=PLANE('',#2709);
#2378=PLANE('',#2710);
#2379=PLANE('',#2711);
#2380=PLANE('',#2712);
#2381=PLANE('',#2713);
#2382=PLANE('',#2716);
#2383=PLANE('',#2720);
#2384=PLANE('',#2721);
#2385=PLANE('',#2722);
#2386=PLANE('',#2723);
#2387=PLANE('',#2724);
#2388=PLANE('',#2725);
#2389=PLANE('',#2726);
#2390=PLANE('',#2727);
#2391=PLANE('',#2728);
#2392=PLANE('',#2729);
#2393=PLANE('',#2730);
#2394=PLANE('',#2731);
#2395=PLANE('',#2732);
#2396=PLANE('',#2733);
#2397=PLANE('',#2734);
#2398=PLANE('',#2735);
#2399=PLANE('',#2736);
#2400=PLANE('',#2737);
#2401=PLANE('',#2738);
#2402=PLANE('',#2739);
#2403=PLANE('',#2740);
#2404=PLANE('',#2741);
#2405=PLANE('',#2742);
#2406=PLANE('',#2743);
#2407=PLANE('',#2744);
#2408=PLANE('',#2751);
#2409=PLANE('',#2755);
#2410=PLANE('',#2756);
#2411=PLANE('',#2759);
#2412=PLANE('',#2762);
#2413=PLANE('',#2767);
#2414=PLANE('',#2768);
#2415=PLANE('',#2769);
#2416=PLANE('',#2770);
#2417=PLANE('',#2771);
#2418=PLANE('',#2772);
#2419=PLANE('',#2773);
#2420=PLANE('',#2774);
#2421=PLANE('',#2775);
#2422=PLANE('',#2776);
#2423=PLANE('',#2777);
#2424=PLANE('',#2778);
#2425=PLANE('',#2779);
#2426=PLANE('',#2782);
#2427=PLANE('',#2786);
#2428=PLANE('',#2787);
#2429=PLANE('',#2791);
#2430=PLANE('',#2792);
#2431=ADVANCED_FACE('',(#140),#2337,.F.);
#2432=ADVANCED_FACE('',(#141),#125,.T.);
#2433=ADVANCED_FACE('',(#142),#2338,.F.);
#2434=ADVANCED_FACE('',(#143),#2339,.F.);
#2435=ADVANCED_FACE('',(#144,#115),#2340,.F.);
#2436=ADVANCED_FACE('',(#145),#2341,.F.);
#2437=ADVANCED_FACE('',(#146),#2342,.F.);
#2438=ADVANCED_FACE('',(#147),#2343,.T.);
#2439=ADVANCED_FACE('',(#148),#2344,.T.);
#2440=ADVANCED_FACE('',(#149),#2345,.F.);
#2441=ADVANCED_FACE('',(#150),#2346,.F.);
#2442=ADVANCED_FACE('',(#151),#2347,.F.);
#2443=ADVANCED_FACE('',(#152),#2348,.F.);
#2444=ADVANCED_FACE('',(#153),#2349,.F.);
#2445=ADVANCED_FACE('',(#154),#2350,.F.);
#2446=ADVANCED_FACE('',(#155),#2351,.F.);
#2447=ADVANCED_FACE('',(#156),#126,.T.);
#2448=ADVANCED_FACE('',(#157),#2352,.F.);
#2449=ADVANCED_FACE('',(#158),#108,.T.);
#2450=ADVANCED_FACE('',(#159),#127,.F.);
#2451=ADVANCED_FACE('',(#160),#109,.T.);
#2452=ADVANCED_FACE('',(#161,#116,#117,#118),#2353,.T.);
#2453=ADVANCED_FACE('',(#162),#110,.T.);
#2454=ADVANCED_FACE('',(#163),#128,.F.);
#2455=ADVANCED_FACE('',(#164),#2354,.F.);
#2456=ADVANCED_FACE('',(#165),#2355,.F.);
#2457=ADVANCED_FACE('',(#166),#2356,.F.);
#2458=ADVANCED_FACE('',(#167),#2357,.T.);
#2459=ADVANCED_FACE('',(#168),#2358,.T.);
#2460=ADVANCED_FACE('',(#169),#111,.T.);
#2461=ADVANCED_FACE('',(#170),#129,.F.);
#2462=ADVANCED_FACE('',(#171),#2359,.F.);
#2463=ADVANCED_FACE('',(#172),#2360,.T.);
#2464=ADVANCED_FACE('',(#173),#2361,.T.);
#2465=ADVANCED_FACE('',(#174),#2362,.T.);
#2466=ADVANCED_FACE('',(#175),#2363,.F.);
#2467=ADVANCED_FACE('',(#176),#2364,.F.);
#2468=ADVANCED_FACE('',(#177),#2365,.T.);
#2469=ADVANCED_FACE('',(#178),#2366,.F.);
#2470=ADVANCED_FACE('',(#179),#2367,.T.);
#2471=ADVANCED_FACE('',(#180),#2368,.F.);
#2472=ADVANCED_FACE('',(#181),#130,.T.);
#2473=ADVANCED_FACE('',(#182),#131,.T.);
#2474=ADVANCED_FACE('',(#183),#132,.T.);
#2475=ADVANCED_FACE('',(#184),#2369,.T.);
#2476=ADVANCED_FACE('',(#185),#2370,.T.);
#2477=ADVANCED_FACE('',(#186),#2371,.T.);
#2478=ADVANCED_FACE('',(#187),#2372,.F.);
#2479=ADVANCED_FACE('',(#188),#2373,.T.);
#2480=ADVANCED_FACE('',(#189),#2374,.T.);
#2481=ADVANCED_FACE('',(#190),#2375,.F.);
#2482=ADVANCED_FACE('',(#191),#2376,.T.);
#2483=ADVANCED_FACE('',(#192),#112,.T.);
#2484=ADVANCED_FACE('',(#193),#2377,.T.);
#2485=ADVANCED_FACE('',(#194),#2378,.T.);
#2486=ADVANCED_FACE('',(#195),#2379,.T.);
#2487=ADVANCED_FACE('',(#196),#2380,.T.);
#2488=ADVANCED_FACE('',(#197),#2381,.T.);
#2489=ADVANCED_FACE('',(#198),#133,.T.);
#2490=ADVANCED_FACE('',(#199,#119),#2382,.T.);
#2491=ADVANCED_FACE('',(#200),#134,.T.);
#2492=ADVANCED_FACE('',(#201),#2383,.T.);
#2493=ADVANCED_FACE('',(#202),#2384,.F.);
#2494=ADVANCED_FACE('',(#203),#2385,.T.);
#2495=ADVANCED_FACE('',(#204),#2386,.T.);
#2496=ADVANCED_FACE('',(#205),#2387,.T.);
#2497=ADVANCED_FACE('',(#206),#2388,.T.);
#2498=ADVANCED_FACE('',(#207),#2389,.T.);
#2499=ADVANCED_FACE('',(#208),#2390,.T.);
#2500=ADVANCED_FACE('',(#209),#2391,.T.);
#2501=ADVANCED_FACE('',(#210),#2392,.T.);
#2502=ADVANCED_FACE('',(#211),#27,.T.);
#2503=ADVANCED_FACE('',(#212),#28,.T.);
#2504=ADVANCED_FACE('',(#213),#29,.T.);
#2505=ADVANCED_FACE('',(#214),#30,.T.);
#2506=ADVANCED_FACE('',(#215),#31,.T.);
#2507=ADVANCED_FACE('',(#216),#32,.T.);
#2508=ADVANCED_FACE('',(#217),#33,.T.);
#2509=ADVANCED_FACE('',(#218),#34,.T.);
#2510=ADVANCED_FACE('',(#219),#35,.T.);
#2511=ADVANCED_FACE('',(#220),#36,.T.);
#2512=ADVANCED_FACE('',(#221),#2393,.T.);
#2513=ADVANCED_FACE('',(#222),#37,.T.);
#2514=ADVANCED_FACE('',(#223),#38,.T.);
#2515=ADVANCED_FACE('',(#224),#39,.T.);
#2516=ADVANCED_FACE('',(#225),#40,.T.);
#2517=ADVANCED_FACE('',(#226),#41,.T.);
#2518=ADVANCED_FACE('',(#227),#42,.T.);
#2519=ADVANCED_FACE('',(#228),#43,.T.);
#2520=ADVANCED_FACE('',(#229),#44,.T.);
#2521=ADVANCED_FACE('',(#230),#45,.T.);
#2522=ADVANCED_FACE('',(#231),#2394,.T.);
#2523=ADVANCED_FACE('',(#232),#2395,.T.);
#2524=ADVANCED_FACE('',(#233),#2396,.T.);
#2525=ADVANCED_FACE('',(#234),#2397,.T.);
#2526=ADVANCED_FACE('',(#235),#2398,.T.);
#2527=ADVANCED_FACE('',(#236),#2399,.T.);
#2528=ADVANCED_FACE('',(#237),#2400,.T.);
#2529=ADVANCED_FACE('',(#238),#2401,.T.);
#2530=ADVANCED_FACE('',(#239),#2402,.T.);
#2531=ADVANCED_FACE('',(#240),#2403,.T.);
#2532=ADVANCED_FACE('',(#241),#2404,.T.);
#2533=ADVANCED_FACE('',(#242),#2405,.T.);
#2534=ADVANCED_FACE('',(#243),#2406,.T.);
#2535=ADVANCED_FACE('',(#244),#2407,.T.);
#2536=ADVANCED_FACE('',(#245),#113,.T.);
#2537=ADVANCED_FACE('',(#246),#135,.T.);
#2538=ADVANCED_FACE('',(#247,#120,#121,#122),#2408,.T.);
#2539=ADVANCED_FACE('',(#248),#136,.T.);
#2540=ADVANCED_FACE('',(#249,#123),#2409,.T.);
#2541=ADVANCED_FACE('',(#250),#2410,.F.);
#2542=ADVANCED_FACE('',(#251),#2411,.F.);
#2543=ADVANCED_FACE('',(#252),#2412,.T.);
#2544=ADVANCED_FACE('',(#253),#114,.T.);
#2545=ADVANCED_FACE('',(#254),#2413,.F.);
#2546=ADVANCED_FACE('',(#255),#2414,.T.);
#2547=ADVANCED_FACE('',(#256),#2415,.T.);
#2548=ADVANCED_FACE('',(#257),#2416,.T.);
#2549=ADVANCED_FACE('',(#258),#2417,.T.);
#2550=ADVANCED_FACE('',(#259),#2418,.T.);
#2551=ADVANCED_FACE('',(#260),#2419,.T.);
#2552=ADVANCED_FACE('',(#261),#2420,.T.);
#2553=ADVANCED_FACE('',(#262),#2421,.T.);
#2554=ADVANCED_FACE('',(#263),#2422,.T.);
#2555=ADVANCED_FACE('',(#264),#2423,.T.);
#2556=ADVANCED_FACE('',(#265),#2424,.T.);
#2557=ADVANCED_FACE('',(#266),#2425,.T.);
#2558=ADVANCED_FACE('',(#267),#137,.T.);
#2559=ADVANCED_FACE('',(#268,#124),#2426,.T.);
#2560=ADVANCED_FACE('',(#269),#138,.T.);
#2561=ADVANCED_FACE('',(#270),#2427,.T.);
#2562=ADVANCED_FACE('',(#271),#2428,.F.);
#2563=ADVANCED_FACE('',(#272),#139,.T.);
#2564=ADVANCED_FACE('',(#273),#2429,.T.);
#2565=ADVANCED_FACE('',(#274),#2430,.F.);
#2566=CLOSED_SHELL('',(#2431,#2432,#2433,#2434,#2435,#2436,#2437,#2438,
#2439,#2440,#2441,#2442,#2443,#2444,#2445,#2446,#2447,#2448,#2449,#2450,
#2451,#2452,#2453,#2454,#2455,#2456,#2457,#2458,#2459,#2460,#2461,#2462,
#2463,#2464,#2465,#2466,#2467,#2468,#2469,#2470,#2471,#2472,#2473,#2474,
#2475,#2476,#2477,#2478,#2479,#2480));
#2567=CLOSED_SHELL('',(#2481,#2482,#2483,#2484,#2485,#2486,#2487,#2488,
#2489,#2490,#2491,#2492,#2493));
#2568=CLOSED_SHELL('',(#2494,#2495,#2496,#2497,#2498,#2499,#2500,#2501,
#2502,#2503,#2504,#2505,#2506,#2507,#2508,#2509,#2510,#2511,#2512,#2513,
#2514,#2515,#2516,#2517,#2518,#2519,#2520,#2521,#2522,#2523,#2524,#2525,
#2526,#2527,#2528,#2529,#2530,#2531,#2532,#2533,#2534,#2535,#2536,#2537,
#2538,#2539,#2540,#2541));
#2569=CLOSED_SHELL('',(#2542,#2543,#2544,#2545,#2546,#2547,#2548,#2549,
#2550,#2551,#2552,#2553,#2554,#2555,#2556,#2557,#2558,#2559,#2560,#2561,
#2562));
#2570=CLOSED_SHELL('',(#2563,#2564,#2565));
#2571=DERIVED_UNIT_ELEMENT(#2577,1.);
#2572=DERIVED_UNIT_ELEMENT(#4546,-3.);
#2573=DERIVED_UNIT_ELEMENT(#2577,1.);
#2574=DERIVED_UNIT_ELEMENT(#4546,-3.);
#2575=DERIVED_UNIT_ELEMENT(#2577,1.);
#2576=DERIVED_UNIT_ELEMENT(#4546,-3.);
#2577=(
MASS_UNIT()
NAMED_UNIT(*)
SI_UNIT(.KILO.,.GRAM.)
);
#2578=DERIVED_UNIT((#2571,#2572));
#2579=DERIVED_UNIT((#2573,#2574));
#2580=DERIVED_UNIT((#2575,#2576));
#2581=MEASURE_REPRESENTATION_ITEM('density measure',
POSITIVE_RATIO_MEASURE(7850.),#2578);
#2582=MEASURE_REPRESENTATION_ITEM('density measure',
POSITIVE_RATIO_MEASURE(7850.),#2579);
#2583=MEASURE_REPRESENTATION_ITEM('density measure',
POSITIVE_RATIO_MEASURE(7850.),#2580);
#2584=PROPERTY_DEFINITION_REPRESENTATION(#2599,#2590);
#2585=PROPERTY_DEFINITION_REPRESENTATION(#2600,#2591);
#2586=PROPERTY_DEFINITION_REPRESENTATION(#2601,#2592);
#2587=PROPERTY_DEFINITION_REPRESENTATION(#2602,#2593);
#2588=PROPERTY_DEFINITION_REPRESENTATION(#2603,#2594);
#2589=PROPERTY_DEFINITION_REPRESENTATION(#2604,#2595);
#2590=REPRESENTATION('material name',(#2596),#4540);
#2591=REPRESENTATION('density',(#2581),#4540);
#2592=REPRESENTATION('material name',(#2597),#4542);
#2593=REPRESENTATION('density',(#2582),#4542);
#2594=REPRESENTATION('material name',(#2598),#4543);
#2595=REPRESENTATION('density',(#2583),#4543);
#2596=DESCRIPTIVE_REPRESENTATION_ITEM('Steel','Steel');
#2597=DESCRIPTIVE_REPRESENTATION_ITEM('Steel','Steel');
#2598=DESCRIPTIVE_REPRESENTATION_ITEM('Steel','Steel');
#2599=PROPERTY_DEFINITION('material property','material name',#4570);
#2600=PROPERTY_DEFINITION('material property','density of part',#4570);
#2601=PROPERTY_DEFINITION('material property','material name',#4572);
#2602=PROPERTY_DEFINITION('material property','density of part',#4572);
#2603=PROPERTY_DEFINITION('material property','material name',#4573);
#2604=PROPERTY_DEFINITION('material property','density of part',#4573);
#2605=AXIS2_PLACEMENT_3D('',#3435,#2796,#2797);
#2606=AXIS2_PLACEMENT_3D('',#3436,#2798,#2799);
#2607=AXIS2_PLACEMENT_3D('',#3437,#2800,#2801);
#2608=AXIS2_PLACEMENT_3D('',#3441,#2803,#2804);
#2609=AXIS2_PLACEMENT_3D('',#3442,#2805,#2806);
#2610=AXIS2_PLACEMENT_3D('',#3448,#2809,#2810);
#2611=AXIS2_PLACEMENT_3D('',#3452,#2812,#2813);
#2612=AXIS2_PLACEMENT_3D('',#3456,#2815,#2816);
#2613=AXIS2_PLACEMENT_3D('',#3460,#2818,#2819);
#2614=AXIS2_PLACEMENT_3D('',#3463,#2821,#2822);
#2615=AXIS2_PLACEMENT_3D('',#3464,#2823,#2824);
#2616=AXIS2_PLACEMENT_3D('',#3468,#2826,#2827);
#2617=AXIS2_PLACEMENT_3D('',#3470,#2829,#2830);
#2618=AXIS2_PLACEMENT_3D('',#3476,#2834,#2835);
#2619=AXIS2_PLACEMENT_3D('',#3480,#2837,#2838);
#2620=AXIS2_PLACEMENT_3D('',#3482,#2839,#2840);
#2621=AXIS2_PLACEMENT_3D('',#3486,#2842,#2843);
#2622=AXIS2_PLACEMENT_3D('',#3488,#2844,#2845);
#2623=AXIS2_PLACEMENT_3D('',#3499,#2851,#2852);
#2624=AXIS2_PLACEMENT_3D('',#3500,#2853,#2854);
#2625=AXIS2_PLACEMENT_3D('',#3504,#2857,#2858);
#2626=AXIS2_PLACEMENT_3D('',#3512,#2863,#2864);
#2627=AXIS2_PLACEMENT_3D('',#3516,#2867,#2868);
#2628=AXIS2_PLACEMENT_3D('',#3520,#2871,#2872);
#2629=AXIS2_PLACEMENT_3D('',#3521,#2873,#2874);
#2630=AXIS2_PLACEMENT_3D('',#3522,#2875,#2876);
#2631=AXIS2_PLACEMENT_3D('',#3532,#2881,#2882);
#2632=AXIS2_PLACEMENT_3D('',#3540,#2887,#2888);
#2633=AXIS2_PLACEMENT_3D('',#3549,#2893,#2894);
#2634=AXIS2_PLACEMENT_3D('',#3551,#2895,#2896);
#2635=AXIS2_PLACEMENT_3D('',#3561,#2902,#2903);
#2636=AXIS2_PLACEMENT_3D('',#3567,#2907,#2908);
#2637=AXIS2_PLACEMENT_3D('',#3569,#2909,#2910);
#2638=AXIS2_PLACEMENT_3D('',#3576,#2915,#2916);
#2639=AXIS2_PLACEMENT_3D('',#3578,#2918,#2919);
#2640=AXIS2_PLACEMENT_3D('',#3582,#2921,#2922);
#2641=AXIS2_PLACEMENT_3D('',#3586,#2924,#2925);
#2642=AXIS2_PLACEMENT_3D('',#3588,#2927,#2928);
#2643=AXIS2_PLACEMENT_3D('',#3595,#2933,#2934);
#2644=AXIS2_PLACEMENT_3D('',#3597,#2935,#2936);
#2645=AXIS2_PLACEMENT_3D('',#3598,#2937,#2938);
#2646=AXIS2_PLACEMENT_3D('',#3599,#2939,#2940);
#2647=AXIS2_PLACEMENT_3D('',#3602,#2941,#2942);
#2648=AXIS2_PLACEMENT_3D('',#3604,#2944,#2945);
#2649=AXIS2_PLACEMENT_3D('',#3605,#2946,#2947);
#2650=AXIS2_PLACEMENT_3D('',#3607,#2948,#2949);
#2651=AXIS2_PLACEMENT_3D('',#3608,#2950,#2951);
#2652=AXIS2_PLACEMENT_3D('',#3609,#2952,#2953);
#2653=AXIS2_PLACEMENT_3D('',#3612,#2954,#2955);
#2654=AXIS2_PLACEMENT_3D('',#3617,#2958,#2959);
#2655=AXIS2_PLACEMENT_3D('',#3621,#2961,#2962);
#2656=AXIS2_PLACEMENT_3D('',#3624,#2964,#2965);
#2657=AXIS2_PLACEMENT_3D('',#3626,#2966,#2967);
#2658=AXIS2_PLACEMENT_3D('',#3627,#2968,#2969);
#2659=AXIS2_PLACEMENT_3D('',#3629,#2970,#2971);
#2660=AXIS2_PLACEMENT_3D('',#3631,#2972,#2973);
#2661=AXIS2_PLACEMENT_3D('',#3632,#2974,#2975);
#2662=AXIS2_PLACEMENT_3D('',#3633,#2976,#2977);
#2663=AXIS2_PLACEMENT_3D('',#3639,#2981,#2982);
#2664=AXIS2_PLACEMENT_3D('',#3643,#2984,#2985);
#2665=AXIS2_PLACEMENT_3D('',#3645,#2987,#2988);
#2666=AXIS2_PLACEMENT_3D('',#3651,#2992,#2993);
#2667=AXIS2_PLACEMENT_3D('',#3657,#2997,#2998);
#2668=AXIS2_PLACEMENT_3D('',#3660,#3000,#3001);
#2669=AXIS2_PLACEMENT_3D('',#3661,#3002,#3003);
#2670=AXIS2_PLACEMENT_3D('',#3663,#3005,#3006);
#2671=AXIS2_PLACEMENT_3D('',#3665,#3008,#3009);
#2672=AXIS2_PLACEMENT_3D('',#3667,#3010,#3011);
#2673=AXIS2_PLACEMENT_3D('',#3669,#3012,#3013);
#2674=AXIS2_PLACEMENT_3D('',#3670,#3014,#3015);
#2675=AXIS2_PLACEMENT_3D('',#3671,#3016,#3017);
#2676=AXIS2_PLACEMENT_3D('',#3672,#3018,#3019);
#2677=AXIS2_PLACEMENT_3D('',#3674,#3021,#3022);
#2678=AXIS2_PLACEMENT_3D('',#3678,#3025,#3026);
#2679=AXIS2_PLACEMENT_3D('',#3681,#3029,#3030);
#2680=AXIS2_PLACEMENT_3D('',#3682,#3031,#3032);
#2681=AXIS2_PLACEMENT_3D('',#3683,#3033,#3034);
#2682=AXIS2_PLACEMENT_3D('',#3689,#3038,#3039);
#2683=AXIS2_PLACEMENT_3D('',#3691,#3041,#3042);
#2684=AXIS2_PLACEMENT_3D('',#3703,#3049,#3050);
#2685=AXIS2_PLACEMENT_3D('',#3707,#3052,#3053);
#2686=AXIS2_PLACEMENT_3D('',#3709,#3055,#3056);
#2687=AXIS2_PLACEMENT_3D('',#3716,#3061,#3062);
#2688=AXIS2_PLACEMENT_3D('',#3720,#3065,#3066);
#2689=AXIS2_PLACEMENT_3D('',#3721,#3067,#3068);
#2690=AXIS2_PLACEMENT_3D('',#3723,#3070,#3071);
#2691=AXIS2_PLACEMENT_3D('',#3725,#3073,#3074);
#2692=AXIS2_PLACEMENT_3D('',#3729,#3076,#3077);
#2693=AXIS2_PLACEMENT_3D('',#3731,#3079,#3080);
#2694=AXIS2_PLACEMENT_3D('',#3735,#3084,#3085);
#2695=AXIS2_PLACEMENT_3D('',#3736,#3086,#3087);
#2696=AXIS2_PLACEMENT_3D('',#3738,#3089,#3090);
#2697=AXIS2_PLACEMENT_3D('',#3739,#3091,#3092);
#2698=AXIS2_PLACEMENT_3D('',#3740,#3093,#3094);
#2699=AXIS2_PLACEMENT_3D('',#3741,#3095,#3096);
#2700=AXIS2_PLACEMENT_3D('',#3742,#3097,#3098);
#2701=AXIS2_PLACEMENT_3D('',#3743,#3099,#3100);
#2702=AXIS2_PLACEMENT_3D('',#3746,#3101,#3102);
#2703=AXIS2_PLACEMENT_3D('',#3749,#3104,#3105);
#2704=AXIS2_PLACEMENT_3D('',#3750,#3106,#3107);
#2705=AXIS2_PLACEMENT_3D('',#3782,#3115,#3116);
#2706=AXIS2_PLACEMENT_3D('',#3784,#3117,#3118);
#2707=AXIS2_PLACEMENT_3D('',#3785,#3119,#3120);
#2708=AXIS2_PLACEMENT_3D('',#3786,#3121,#3122);
#2709=AXIS2_PLACEMENT_3D('',#3787,#3123,#3124);
#2710=AXIS2_PLACEMENT_3D('',#3796,#3129,#3130);
#2711=AXIS2_PLACEMENT_3D('',#3802,#3134,#3135);
#2712=AXIS2_PLACEMENT_3D('',#3808,#3139,#3140);
#2713=AXIS2_PLACEMENT_3D('',#3811,#3143,#3144);
#2714=AXIS2_PLACEMENT_3D('',#3812,#3145,#3146);
#2715=AXIS2_PLACEMENT_3D('',#3813,#3147,#3148);
#2716=AXIS2_PLACEMENT_3D('',#3814,#3149,#3150);
#2717=AXIS2_PLACEMENT_3D('',#3815,#3151,#3152);
#2718=AXIS2_PLACEMENT_3D('',#3816,#3153,#3154);
#2719=AXIS2_PLACEMENT_3D('',#3817,#3155,#3156);
#2720=AXIS2_PLACEMENT_3D('',#3818,#3157,#3158);
#2721=AXIS2_PLACEMENT_3D('',#3819,#3159,#3160);
#2722=AXIS2_PLACEMENT_3D('',#3820,#3161,#3162);
#2723=AXIS2_PLACEMENT_3D('',#3829,#3167,#3168);
#2724=AXIS2_PLACEMENT_3D('',#3835,#3172,#3173);
#2725=AXIS2_PLACEMENT_3D('',#3841,#3177,#3178);
#2726=AXIS2_PLACEMENT_3D('',#3847,#3182,#3183);
#2727=AXIS2_PLACEMENT_3D('',#3853,#3187,#3188);
#2728=AXIS2_PLACEMENT_3D('',#3856,#3191,#3192);
#2729=AXIS2_PLACEMENT_3D('',#3857,#3193,#3194);
#2730=AXIS2_PLACEMENT_3D('',#4096,#3209,#3210);
#2731=AXIS2_PLACEMENT_3D('',#4306,#3222,#3223);
#2732=AXIS2_PLACEMENT_3D('',#4307,#3224,#3225);
#2733=AXIS2_PLACEMENT_3D('',#4316,#3230,#3231);
#2734=AXIS2_PLACEMENT_3D('',#4322,#3235,#3236);
#2735=AXIS2_PLACEMENT_3D('',#4328,#3240,#3241);
#2736=AXIS2_PLACEMENT_3D('',#4334,#3245,#3246);
#2737=AXIS2_PLACEMENT_3D('',#4340,#3250,#3251);
#2738=AXIS2_PLACEMENT_3D('',#4346,#3255,#3256);
#2739=AXIS2_PLACEMENT_3D('',#4352,#3260,#3261);
#2740=AXIS2_PLACEMENT_3D('',#4358,#3265,#3266);
#2741=AXIS2_PLACEMENT_3D('',#4364,#3270,#3271);
#2742=AXIS2_PLACEMENT_3D('',#4370,#3275,#3276);
#2743=AXIS2_PLACEMENT_3D('',#4376,#3280,#3281);
#2744=AXIS2_PLACEMENT_3D('',#4379,#3284,#3285);
#2745=AXIS2_PLACEMENT_3D('',#4380,#3286,#3287);
#2746=AXIS2_PLACEMENT_3D('',#4382,#3288,#3289);
#2747=AXIS2_PLACEMENT_3D('',#4384,#3290,#3291);
#2748=AXIS2_PLACEMENT_3D('',#4385,#3292,#3293);
#2749=AXIS2_PLACEMENT_3D('',#4386,#3294,#3295);
#2750=AXIS2_PLACEMENT_3D('',#4389,#3297,#3298);
#2751=AXIS2_PLACEMENT_3D('',#4390,#3299,#3300);
#2752=AXIS2_PLACEMENT_3D('',#4391,#3301,#3302);
#2753=AXIS2_PLACEMENT_3D('',#4393,#3303,#3304);
#2754=AXIS2_PLACEMENT_3D('',#4396,#3306,#3307);
#2755=AXIS2_PLACEMENT_3D('',#4397,#3308,#3309);
#2756=AXIS2_PLACEMENT_3D('',#4398,#3310,#3311);
#2757=AXIS2_PLACEMENT_3D('',#4399,#3312,#3313);
#2758=AXIS2_PLACEMENT_3D('',#4400,#3314,#3315);
#2759=AXIS2_PLACEMENT_3D('',#4401,#3316,#3317);
#2760=AXIS2_PLACEMENT_3D('',#4404,#3318,#3319);
#2761=AXIS2_PLACEMENT_3D('',#4407,#3321,#3322);
#2762=AXIS2_PLACEMENT_3D('',#4408,#3323,#3324);
#2763=AXIS2_PLACEMENT_3D('',#4436,#3332,#3333);
#2764=AXIS2_PLACEMENT_3D('',#4438,#3334,#3335);
#2765=AXIS2_PLACEMENT_3D('',#4439,#3336,#3337);
#2766=AXIS2_PLACEMENT_3D('',#4440,#3338,#3339);
#2767=AXIS2_PLACEMENT_3D('',#4441,#3340,#3341);
#2768=AXIS2_PLACEMENT_3D('',#4466,#3354,#3355);
#2769=AXIS2_PLACEMENT_3D('',#4472,#3359,#3360);
#2770=AXIS2_PLACEMENT_3D('',#4476,#3363,#3364);
#2771=AXIS2_PLACEMENT_3D('',#4480,#3367,#3368);
#2772=AXIS2_PLACEMENT_3D('',#4484,#3371,#3372);
#2773=AXIS2_PLACEMENT_3D('',#4488,#3375,#3376);
#2774=AXIS2_PLACEMENT_3D('',#4492,#3379,#3380);
#2775=AXIS2_PLACEMENT_3D('',#4498,#3384,#3385);
#2776=AXIS2_PLACEMENT_3D('',#4502,#3388,#3389);
#2777=AXIS2_PLACEMENT_3D('',#4506,#3392,#3393);
#2778=AXIS2_PLACEMENT_3D('',#4508,#3395,#3396);
#2779=AXIS2_PLACEMENT_3D('',#4512,#3399,#3400);
#2780=AXIS2_PLACEMENT_3D('',#4514,#3402,#3403);
#2781=AXIS2_PLACEMENT_3D('',#4515,#3404,#3405);
#2782=AXIS2_PLACEMENT_3D('',#4516,#3406,#3407);
#2783=AXIS2_PLACEMENT_3D('',#4517,#3408,#3409);
#2784=AXIS2_PLACEMENT_3D('',#4518,#3410,#3411);
#2785=AXIS2_PLACEMENT_3D('',#4519,#3412,#3413);
#2786=AXIS2_PLACEMENT_3D('',#4520,#3414,#3415);
#2787=AXIS2_PLACEMENT_3D('',#4521,#3416,#3417);
#2788=AXIS2_PLACEMENT_3D('',#4522,#3418,#3419);
#2789=AXIS2_PLACEMENT_3D('',#4524,#3420,#3421);
#2790=AXIS2_PLACEMENT_3D('',#4527,#3423,#3424);
#2791=AXIS2_PLACEMENT_3D('',#4528,#3425,#3426);
#2792=AXIS2_PLACEMENT_3D('',#4529,#3427,#3428);
#2793=AXIS2_PLACEMENT_3D('',#4530,#3429,#3430);
#2794=AXIS2_PLACEMENT_3D('',#4531,#3431,#3432);
#2795=AXIS2_PLACEMENT_3D('',#4532,#3433,#3434);
#2796=DIRECTION('axis',(0.,0.,1.));
#2797=DIRECTION('refdir',(1.,0.,0.));
#2798=DIRECTION('axis',(0.,0.,1.));
#2799=DIRECTION('refdir',(1.,0.,0.));
#2800=DIRECTION('center_axis',(0.,0.,1.));
#2801=DIRECTION('ref_axis',(1.,0.,0.));
#2802=DIRECTION('',(0.,1.,0.));
#2803=DIRECTION('center_axis',(0.,0.,1.));
#2804=DIRECTION('ref_axis',(1.,0.,0.));
#2805=DIRECTION('center_axis',(0.,0.,1.));
#2806=DIRECTION('ref_axis',(-1.,1.22464679914735E-16,0.));
#2807=DIRECTION('',(0.,0.,1.));
#2808=DIRECTION('',(0.,0.,-1.));
#2809=DIRECTION('center_axis',(0.,7.16272908439706E-17,1.));
#2810=DIRECTION('ref_axis',(1.,0.,0.));
#2811=DIRECTION('',(0.,0.,-1.));
#2812=DIRECTION('center_axis',(0.,0.,1.));
#2813=DIRECTION('ref_axis',(1.,0.,0.));
#2814=DIRECTION('',(0.,0.,1.));
#2815=DIRECTION('center_axis',(0.,0.,1.));
#2816=DIRECTION('ref_axis',(1.,0.,0.));
#2817=DIRECTION('',(0.,0.,-1.));
#2818=DIRECTION('center_axis',(0.,0.,1.));
#2819=DIRECTION('ref_axis',(1.,0.,0.));
#2820=DIRECTION('',(0.,0.,1.));
#2821=DIRECTION('center_axis',(0.,7.16272908439706E-17,1.));
#2822=DIRECTION('ref_axis',(1.,0.,0.));
#2823=DIRECTION('center_axis',(0.,7.16272908439706E-17,1.));
#2824=DIRECTION('ref_axis',(-7.16272908439706E-17,-1.,7.16272908439706E-17));
#2825=DIRECTION('',(-7.16272908439706E-17,-1.,7.16272908439706E-17));
#2826=DIRECTION('center_axis',(0.,7.16272908439706E-17,1.));
#2827=DIRECTION('ref_axis',(1.,0.,0.));
#2828=DIRECTION('',(0.,-1.,7.16272908439706E-17));
#2829=DIRECTION('center_axis',(0.,7.16272908439706E-17,1.));
#2830=DIRECTION('ref_axis',(-7.16272908439706E-17,-1.,7.16272908439706E-17));
#2831=DIRECTION('',(0.,-1.,7.16272908439706E-17));
#2832=DIRECTION('',(1.,0.,0.));
#2833=DIRECTION('',(-7.16272908439706E-17,-1.,7.16272908439706E-17));
#2834=DIRECTION('center_axis',(0.,0.,1.));
#2835=DIRECTION('ref_axis',(1.,0.,0.));
#2836=DIRECTION('',(0.,1.,7.40148672054363E-17));
#2837=DIRECTION('center_axis',(0.,0.,1.));
#2838=DIRECTION('ref_axis',(1.,0.,0.));
#2839=DIRECTION('center_axis',(0.,0.,1.));
#2840=DIRECTION('ref_axis',(1.,0.,0.));
#2841=DIRECTION('',(0.,1.,7.40148672054363E-17));
#2842=DIRECTION('center_axis',(0.,0.,1.));
#2843=DIRECTION('ref_axis',(1.,0.,0.));
#2844=DIRECTION('center_axis',(0.,0.,1.));
#2845=DIRECTION('ref_axis',(1.,0.,0.));
#2846=DIRECTION('',(0.,1.,7.40148672054363E-17));
#2847=DIRECTION('',(1.,0.,0.));
#2848=DIRECTION('',(0.,-1.,0.));
#2849=DIRECTION('',(-1.,0.,-1.11022300808154E-16));
#2850=DIRECTION('',(0.,1.,7.40148672054363E-17));
#2851=DIRECTION('center_axis',(0.,0.,-1.));
#2852=DIRECTION('ref_axis',(1.,0.,0.));
#2853=DIRECTION('center_axis',(1.,0.,0.));
#2854=DIRECTION('ref_axis',(0.,1.,0.));
#2855=DIRECTION('',(0.,0.,1.));
#2856=DIRECTION('',(0.,1.,0.));
#2857=DIRECTION('center_axis',(1.,0.,0.));
#2858=DIRECTION('ref_axis',(0.,1.,0.));
#2859=DIRECTION('',(0.,1.,0.));
#2860=DIRECTION('',(0.,0.,1.));
#2861=DIRECTION('',(0.,1.,0.));
#2862=DIRECTION('',(0.,0.,1.));
#2863=DIRECTION('center_axis',(1.,0.,0.));
#2864=DIRECTION('ref_axis',(0.,1.,7.40148672054363E-17));
#2865=DIRECTION('',(0.,1.,0.));
#2866=DIRECTION('',(0.,0.,-1.));
#2867=DIRECTION('center_axis',(1.,0.,0.));
#2868=DIRECTION('ref_axis',(0.,1.,7.40148672054363E-17));
#2869=DIRECTION('',(0.,0.,1.));
#2870=DIRECTION('',(0.,1.,0.));
#2871=DIRECTION('center_axis',(0.,0.,1.));
#2872=DIRECTION('ref_axis',(1.,0.,0.));
#2873=DIRECTION('center_axis',(0.,0.,1.));
#2874=DIRECTION('ref_axis',(1.,0.,0.));
#2875=DIRECTION('center_axis',(0.,0.,1.));
#2876=DIRECTION('ref_axis',(1.,0.,0.));
#2877=DIRECTION('',(-1.,0.,0.));
#2878=DIRECTION('',(0.,-1.,0.));
#2879=DIRECTION('',(1.,0.,0.));
#2880=DIRECTION('',(0.,1.,0.));
#2881=DIRECTION('center_axis',(0.,0.,1.));
#2882=DIRECTION('ref_axis',(1.,0.,0.));
#2883=DIRECTION('',(0.,1.,0.));
#2884=DIRECTION('',(-1.,0.,0.));
#2885=DIRECTION('',(0.,1.,0.));
#2886=DIRECTION('',(-1.,0.,0.));
#2887=DIRECTION('center_axis',(-1.,0.,0.));
#2888=DIRECTION('ref_axis',(0.,0.,-1.));
#2889=DIRECTION('',(0.,0.,1.));
#2890=DIRECTION('',(0.,-1.,0.));
#2891=DIRECTION('',(0.,0.,1.));
#2892=DIRECTION('',(0.,-1.,0.));
#2893=DIRECTION('center_axis',(0.,0.,1.));
#2894=DIRECTION('ref_axis',(-1.,0.,0.));
#2895=DIRECTION('center_axis',(0.,0.,1.));
#2896=DIRECTION('ref_axis',(-0.707106781186548,-0.707106781186548,0.));
#2897=DIRECTION('',(1.,0.,0.));
#2898=DIRECTION('',(0.,1.,0.));
#2899=DIRECTION('',(-1.,0.,0.));
#2900=DIRECTION('',(0.,-1.,0.));
#2901=DIRECTION('',(1.,0.,0.));
#2902=DIRECTION('center_axis',(1.,0.,0.));
#2903=DIRECTION('ref_axis',(0.,0.,1.));
#2904=DIRECTION('',(0.,0.,-1.));
#2905=DIRECTION('',(0.,0.,1.));
#2906=DIRECTION('',(0.,-1.,0.));
#2907=DIRECTION('center_axis',(0.,0.,-1.));
#2908=DIRECTION('ref_axis',(1.,0.,0.));
#2909=DIRECTION('center_axis',(0.,0.,-1.));
#2910=DIRECTION('ref_axis',(-0.707106781186548,-0.707106781186548,0.));
#2911=DIRECTION('',(-1.,0.,0.));
#2912=DIRECTION('',(1.,0.,0.));
#2913=DIRECTION('',(0.,-1.,0.));
#2914=DIRECTION('',(-1.,0.,0.));
#2915=DIRECTION('center_axis',(0.,1.,0.));
#2916=DIRECTION('ref_axis',(1.,0.,0.));
#2917=DIRECTION('',(0.,0.,-1.));
#2918=DIRECTION('center_axis',(0.,0.,1.));
#2919=DIRECTION('ref_axis',(-0.707106781186548,-0.707106781186548,0.));
#2920=DIRECTION('',(0.,0.,1.));
#2921=DIRECTION('center_axis',(0.,0.,-1.));
#2922=DIRECTION('ref_axis',(-0.707106781186548,-0.707106781186548,0.));
#2923=DIRECTION('',(0.,0.,-1.));
#2924=DIRECTION('center_axis',(0.,0.,1.));
#2925=DIRECTION('ref_axis',(-0.707106781186548,-0.707106781186548,0.));
#2926=DIRECTION('',(0.,0.,1.));
#2927=DIRECTION('center_axis',(0.,-1.,0.));
#2928=DIRECTION('ref_axis',(1.,0.,0.));
#2929=DIRECTION('',(0.,0.,-1.));
#2930=DIRECTION('',(0.,0.,-1.));
#2931=DIRECTION('',(1.,0.,0.));
#2932=DIRECTION('',(0.,0.,-1.));
#2933=DIRECTION('center_axis',(0.,0.,1.));
#2934=DIRECTION('ref_axis',(1.,0.,0.));
#2935=DIRECTION('center_axis',(1.51575482986338E-16,-1.,0.));
#2936=DIRECTION('ref_axis',(-1.,-1.51575482986338E-16,0.));
#2937=DIRECTION('center_axis',(0.,0.,1.));
#2938=DIRECTION('ref_axis',(1.,0.,0.));
#2939=DIRECTION('center_axis',(0.,0.,-1.));
#2940=DIRECTION('ref_axis',(1.,0.,0.));
#2941=DIRECTION('center_axis',(0.,0.,-1.));
#2942=DIRECTION('ref_axis',(1.,0.,0.));
#2943=DIRECTION('',(0.,0.,-1.));
#2944=DIRECTION('center_axis',(0.,0.,-1.));
#2945=DIRECTION('ref_axis',(1.,0.,0.));
#2946=DIRECTION('center_axis',(0.,0.,-1.));
#2947=DIRECTION('ref_axis',(-1.,0.,0.));
#2948=DIRECTION('center_axis',(0.,0.,1.));
#2949=DIRECTION('ref_axis',(1.,0.,0.));
#2950=DIRECTION('center_axis',(-1.51575482986338E-16,-1.,0.));
#2951=DIRECTION('ref_axis',(1.,-1.51575482986338E-16,0.));
#2952=DIRECTION('center_axis',(0.,0.,1.));
#2953=DIRECTION('ref_axis',(1.,0.,0.));
#2954=DIRECTION('center_axis',(0.,0.,-1.));
#2955=DIRECTION('ref_axis',(-0.707106781186548,0.707106781186548,0.));
#2956=DIRECTION('',(0.,-1.,0.));
#2957=DIRECTION('',(1.,0.,0.));
#2958=DIRECTION('center_axis',(0.,0.,-1.));
#2959=DIRECTION('ref_axis',(0.707106781186549,-0.707106781186546,0.));
#2960=DIRECTION('',(0.,1.,0.));
#2961=DIRECTION('center_axis',(0.,0.,-1.));
#2962=DIRECTION('ref_axis',(0.707106781186549,0.707106781186546,0.));
#2963=DIRECTION('',(-1.,0.,0.));
#2964=DIRECTION('center_axis',(0.,0.,1.));
#2965=DIRECTION('ref_axis',(1.,0.,0.));
#2966=DIRECTION('center_axis',(0.,0.,1.));
#2967=DIRECTION('ref_axis',(1.,0.,0.));
#2968=DIRECTION('center_axis',(0.,0.,-1.));
#2969=DIRECTION('ref_axis',(-1.,0.,0.));
#2970=DIRECTION('center_axis',(0.,-1.,0.));
#2971=DIRECTION('ref_axis',(1.,0.,0.));
#2972=DIRECTION('center_axis',(0.,0.,-1.));
#2973=DIRECTION('ref_axis',(1.,0.,0.));
#2974=DIRECTION('center_axis',(0.,0.,-1.));
#2975=DIRECTION('ref_axis',(1.,0.,0.));
#2976=DIRECTION('center_axis',(0.,0.,1.));
#2977=DIRECTION('ref_axis',(1.,0.,0.));
#2978=DIRECTION('',(0.,0.,1.));
#2979=DIRECTION('',(0.,0.,1.));
#2980=DIRECTION('',(0.,0.,-1.));
#2981=DIRECTION('center_axis',(0.,0.,1.));
#2982=DIRECTION('ref_axis',(1.,0.,0.));
#2983=DIRECTION('',(0.,0.,1.));
#2984=DIRECTION('center_axis',(0.,7.16272908439706E-17,1.));
#2985=DIRECTION('ref_axis',(1.,0.,0.));
#2986=DIRECTION('',(0.,0.,-1.));
#2987=DIRECTION('center_axis',(1.,0.,0.));
#2988=DIRECTION('ref_axis',(0.,1.,0.));
#2989=DIRECTION('',(0.,-1.,7.16272908439706E-17));
#2990=DIRECTION('',(0.,0.,-1.));
#2991=DIRECTION('',(0.,1.,0.));
#2992=DIRECTION('center_axis',(1.,0.,0.));
#2993=DIRECTION('ref_axis',(0.,1.,0.));
#2994=DIRECTION('',(0.,1.,0.));
#2995=DIRECTION('',(0.,0.,-1.));
#2996=DIRECTION('',(0.,-1.,7.16272908439706E-17));
#2997=DIRECTION('center_axis',(0.,0.,1.));
#2998=DIRECTION('ref_axis',(1.,0.,0.));
#2999=DIRECTION('',(0.,1.,0.));
#3000=DIRECTION('center_axis',(0.,0.,1.));
#3001=DIRECTION('ref_axis',(1.,0.,0.));
#3002=DIRECTION('center_axis',(1.,0.,0.));
#3003=DIRECTION('ref_axis',(0.,1.,7.40148672054363E-17));
#3004=DIRECTION('',(0.,0.,1.));
#3005=DIRECTION('center_axis',(1.,0.,0.));
#3006=DIRECTION('ref_axis',(0.,1.,7.40148672054363E-17));
#3007=DIRECTION('',(0.,0.,1.));
#3008=DIRECTION('center_axis',(0.,0.,-1.));
#3009=DIRECTION('ref_axis',(-1.,0.,0.));
#3010=DIRECTION('center_axis',(-1.22464679914735E-16,-1.,0.));
#3011=DIRECTION('ref_axis',(1.,-1.22464679914735E-16,0.));
#3012=DIRECTION('center_axis',(0.,0.,-1.));
#3013=DIRECTION('ref_axis',(1.,0.,0.));
#3014=DIRECTION('center_axis',(0.,0.,-1.));
#3015=DIRECTION('ref_axis',(1.,0.,0.));
#3016=DIRECTION('center_axis',(0.,0.,1.));
#3017=DIRECTION('ref_axis',(1.,0.,0.));
#3018=DIRECTION('center_axis',(0.,7.16272908439706E-17,1.));
#3019=DIRECTION('ref_axis',(1.,0.,0.));
#3020=DIRECTION('',(0.,0.,1.));
#3021=DIRECTION('center_axis',(0.,7.16272908439706E-17,1.));
#3022=DIRECTION('ref_axis',(-7.16272908439706E-17,-1.,7.16272908439706E-17));
#3023=DIRECTION('',(-7.16272908439706E-17,-1.,7.16272908439706E-17));
#3024=DIRECTION('',(1.,0.,0.));
#3025=DIRECTION('center_axis',(-1.,0.,0.));
#3026=DIRECTION('ref_axis',(0.,-1.,0.));
#3027=DIRECTION('',(0.,0.,1.));
#3028=DIRECTION('',(0.,0.,1.));
#3029=DIRECTION('center_axis',(0.,1.,0.));
#3030=DIRECTION('ref_axis',(-1.,0.,-1.11022300808154E-16));
#3031=DIRECTION('center_axis',(0.,-1.,0.));
#3032=DIRECTION('ref_axis',(1.,0.,0.));
#3033=DIRECTION('center_axis',(1.,0.,0.));
#3034=DIRECTION('ref_axis',(0.,0.,-1.));
#3035=DIRECTION('',(0.,0.,1.));
#3036=DIRECTION('',(0.,1.,0.));
#3037=DIRECTION('',(2.01858728195203E-16,0.,-1.));
#3038=DIRECTION('center_axis',(0.,1.,0.));
#3039=DIRECTION('ref_axis',(0.,0.,1.));
#3040=DIRECTION('',(-1.,0.,0.));
#3041=DIRECTION('center_axis',(1.27131420859066E-14,1.,0.));
#3042=DIRECTION('ref_axis',(1.,-1.27131420859066E-14,0.));
#3043=DIRECTION('',(1.,-1.27131420859066E-14,0.));
#3044=DIRECTION('',(-1.,1.27131420859066E-14,0.));
#3045=DIRECTION('',(0.,0.,-1.));
#3046=DIRECTION('',(1.,-1.27131420859066E-14,0.));
#3047=DIRECTION('',(0.,0.,-1.));
#3048=DIRECTION('',(-1.,1.27131420859066E-14,0.));
#3049=DIRECTION('center_axis',(0.,0.,1.));
#3050=DIRECTION('ref_axis',(-1.,0.,0.));
#3051=DIRECTION('',(-1.,0.,0.));
#3052=DIRECTION('center_axis',(0.,0.,1.));
#3053=DIRECTION('ref_axis',(0.707106781186549,0.707106781186546,0.));
#3054=DIRECTION('',(0.,1.,0.));
#3055=DIRECTION('center_axis',(0.,1.,0.));
#3056=DIRECTION('ref_axis',(-1.,0.,0.));
#3057=DIRECTION('',(0.,0.,-1.));
#3058=DIRECTION('',(-1.,0.,0.));
#3059=DIRECTION('',(0.,0.,-1.));
#3060=DIRECTION('',(0.,0.,1.));
#3061=DIRECTION('center_axis',(0.,0.,1.));
#3062=DIRECTION('ref_axis',(-1.,0.,0.));
#3063=DIRECTION('',(0.,-1.,0.));
#3064=DIRECTION('',(0.,-1.,0.));
#3065=DIRECTION('center_axis',(0.,0.,1.));
#3066=DIRECTION('ref_axis',(-0.707106781186548,0.707106781186548,0.));
#3067=DIRECTION('center_axis',(0.,0.,1.));
#3068=DIRECTION('ref_axis',(-0.707106781186548,0.707106781186548,0.));
#3069=DIRECTION('',(0.,0.,1.));
#3070=DIRECTION('center_axis',(0.,0.,1.));
#3071=DIRECTION('ref_axis',(0.707106781186549,0.707106781186546,0.));
#3072=DIRECTION('',(0.,0.,-1.));
#3073=DIRECTION('center_axis',(0.,0.,1.));
#3074=DIRECTION('ref_axis',(0.707106781186549,-0.707106781186546,0.));
#3075=DIRECTION('',(0.,0.,-1.));
#3076=DIRECTION('center_axis',(0.,0.,1.));
#3077=DIRECTION('ref_axis',(0.707106781186549,-0.707106781186546,0.));
#3078=DIRECTION('',(0.,0.,1.));
#3079=DIRECTION('center_axis',(0.,0.,-1.));
#3080=DIRECTION('ref_axis',(-1.,0.,0.));
#3081=DIRECTION('',(-1.,0.,0.));
#3082=DIRECTION('',(0.,1.,0.));
#3083=DIRECTION('',(0.,-1.,0.));
#3084=DIRECTION('center_axis',(0.,-1.,0.));
#3085=DIRECTION('ref_axis',(1.,0.,0.));
#3086=DIRECTION('center_axis',(0.,0.,1.));
#3087=DIRECTION('ref_axis',(-1.,0.,0.));
#3088=DIRECTION('',(0.,-1.,0.));
#3089=DIRECTION('center_axis',(-1.,0.,0.));
#3090=DIRECTION('ref_axis',(0.,-1.,0.));
#3091=DIRECTION('center_axis',(1.,0.,0.));
#3092=DIRECTION('ref_axis',(0.,1.,0.));
#3093=DIRECTION('center_axis',(-1.,0.,0.));
#3094=DIRECTION('ref_axis',(0.,-1.,0.));
#3095=DIRECTION('axis',(0.,0.,1.));
#3096=DIRECTION('refdir',(1.,0.,0.));
#3097=DIRECTION('axis',(0.,0.,1.));
#3098=DIRECTION('refdir',(1.,0.,0.));
#3099=DIRECTION('center_axis',(-1.11022302462513E-15,2.05391259555649E-15,
1.));
#3100=DIRECTION('ref_axis',(-1.2566336859976E-14,-1.,2.05391259555648E-15));
#3101=DIRECTION('center_axis',(-5.55111512312565E-16,1.02695629777824E-15,
1.));
#3102=DIRECTION('ref_axis',(-1.,0.,-5.55111512312565E-16));
#3103=DIRECTION('',(-1.2566336859976E-14,-1.,2.05391259555648E-15));
#3104=DIRECTION('center_axis',(-5.55111512312565E-16,1.02695629777824E-15,
1.));
#3105=DIRECTION('ref_axis',(-1.,0.,-5.55111512312565E-16));
#3106=DIRECTION('center_axis',(1.,-1.2566336859976E-14,1.20736753927954E-15));
#3107=DIRECTION('ref_axis',(1.20736753927952E-15,-2.05391259555649E-15,
-1.));
#3108=DIRECTION('',(0.,0.,1.));
#3109=DIRECTION('',(1.2566336859976E-14,1.,0.));
#3110=DIRECTION('',(0.,0.,1.));
#3111=DIRECTION('',(-1.2566336859976E-14,-1.,0.));
#3112=DIRECTION('',(0.,0.,-1.));
#3113=DIRECTION('',(1.2566336859976E-14,1.,0.));
#3114=DIRECTION('',(0.,0.,-1.));
#3115=DIRECTION('center_axis',(0.,0.,-1.));
#3116=DIRECTION('ref_axis',(-1.,0.,0.));
#3117=DIRECTION('center_axis',(0.,-1.,0.));
#3118=DIRECTION('ref_axis',(1.,0.,0.));
#3119=DIRECTION('center_axis',(0.,0.,-1.));
#3120=DIRECTION('ref_axis',(-1.,0.,0.));
#3121=DIRECTION('center_axis',(0.,0.,1.));
#3122=DIRECTION('ref_axis',(-1.,0.,0.));
#3123=DIRECTION('center_axis',(1.25663368599759E-14,1.,6.66133814775099E-15));
#3124=DIRECTION('ref_axis',(-1.,1.2566336859976E-14,-4.55880962219977E-15));
#3125=DIRECTION('',(1.,-1.25663368599759E-14,0.));
#3126=DIRECTION('',(-4.44089209850062E-15,-6.66133814775093E-15,1.));
#3127=DIRECTION('',(-1.,1.2566336859976E-14,-4.55880962219977E-15));
#3128=DIRECTION('',(-4.44089209850062E-15,-6.66133814775093E-15,1.));
#3129=DIRECTION('center_axis',(1.,-1.2566336859976E-14,4.44089209850054E-15));
#3130=DIRECTION('ref_axis',(1.25663368599759E-14,1.,7.75248242460062E-15));
#3131=DIRECTION('',(-1.2566336859976E-14,-1.,0.));
#3132=DIRECTION('',(1.25663368599759E-14,1.,7.75248242460062E-15));
#3133=DIRECTION('',(-4.44089209850062E-15,-6.66133814775093E-15,1.));
#3134=DIRECTION('center_axis',(-1.25663368599759E-14,-1.,-6.66133814775099E-15));
#3135=DIRECTION('ref_axis',(1.,-1.2566336859976E-14,4.55880962219977E-15));
#3136=DIRECTION('',(-1.,1.25663368599759E-14,0.));
#3137=DIRECTION('',(1.,-1.2566336859976E-14,4.55880962219977E-15));
#3138=DIRECTION('',(-4.44089209850062E-15,-6.66133814775093E-15,1.));
#3139=DIRECTION('center_axis',(-1.,1.2566336859976E-14,-4.44089209850054E-15));
#3140=DIRECTION('ref_axis',(-1.25663368599759E-14,-1.,-7.75248242460062E-15));
#3141=DIRECTION('',(1.2566336859976E-14,1.,0.));
#3142=DIRECTION('',(-1.25663368599759E-14,-1.,-7.75248242460062E-15));
#3143=DIRECTION('center_axis',(-4.44089209850062E-15,-6.66133814775093E-15,
1.));
#3144=DIRECTION('ref_axis',(1.,0.,4.44089209850062E-15));
#3145=DIRECTION('center_axis',(0.,0.,1.));
#3146=DIRECTION('ref_axis',(-1.,0.,0.));
#3147=DIRECTION('center_axis',(0.,0.,-1.));
#3148=DIRECTION('ref_axis',(-1.,0.,0.));
#3149=DIRECTION('center_axis',(0.,0.,1.));
#3150=DIRECTION('ref_axis',(1.,0.,0.));
#3151=DIRECTION('center_axis',(0.,0.,1.));
#3152=DIRECTION('ref_axis',(-1.,0.,0.));
#3153=DIRECTION('center_axis',(0.,0.,1.));
#3154=DIRECTION('ref_axis',(-1.,0.,0.));
#3155=DIRECTION('center_axis',(0.,0.,1.));
#3156=DIRECTION('ref_axis',(-1.,0.,0.));
#3157=DIRECTION('center_axis',(0.,0.,1.));
#3158=DIRECTION('ref_axis',(-1.,0.,0.));
#3159=DIRECTION('center_axis',(0.,0.,1.));
#3160=DIRECTION('ref_axis',(-1.,0.,0.));
#3161=DIRECTION('center_axis',(1.25663368599759E-14,1.,6.66133814775099E-15));
#3162=DIRECTION('ref_axis',(-1.,1.2566336859976E-14,-4.43634494228517E-15));
#3163=DIRECTION('',(1.,-1.25663368599759E-14,0.));
#3164=DIRECTION('',(-4.44089209850062E-15,-6.66133814775093E-15,1.));
#3165=DIRECTION('',(-1.,1.2566336859976E-14,-4.43634494228517E-15));
#3166=DIRECTION('',(-4.44089209850062E-15,-6.66133814775093E-15,1.));
#3167=DIRECTION('center_axis',(1.,-1.2566336859976E-14,4.44089209850054E-15));
#3168=DIRECTION('ref_axis',(1.25663368599759E-14,1.,7.63001774468588E-15));
#3169=DIRECTION('',(-1.2566336859976E-14,-1.,0.));
#3170=DIRECTION('',(1.25663368599759E-14,1.,7.63001774468588E-15));
#3171=DIRECTION('',(-4.44089209850062E-15,-6.66133814775093E-15,1.));
#3172=DIRECTION('center_axis',(1.25663368599759E-14,1.,6.66133814775099E-15));
#3173=DIRECTION('ref_axis',(-1.,1.2566336859976E-14,-4.43634494228517E-15));
#3174=DIRECTION('',(1.,-1.25663368599759E-14,0.));
#3175=DIRECTION('',(-1.,1.2566336859976E-14,-4.43634494228517E-15));
#3176=DIRECTION('',(-4.44089209850062E-15,-6.66133814775093E-15,1.));
#3177=DIRECTION('center_axis',(1.,-1.2566336859976E-14,4.44089209850054E-15));
#3178=DIRECTION('ref_axis',(1.25663368599759E-14,1.,7.63001774468588E-15));
#3179=DIRECTION('',(-1.2566336859976E-14,-1.,0.));
#3180=DIRECTION('',(1.25663368599759E-14,1.,7.63001774468588E-15));
#3181=DIRECTION('',(-4.44089209850062E-15,-6.66133814775093E-15,1.));
#3182=DIRECTION('center_axis',(-1.25663368599759E-14,-1.,-6.66133814775099E-15));
#3183=DIRECTION('ref_axis',(1.,-1.2566336859976E-14,4.43634494228517E-15));
#3184=DIRECTION('',(-1.,1.25663368599759E-14,0.));
#3185=DIRECTION('',(1.,-1.2566336859976E-14,4.43634494228517E-15));
#3186=DIRECTION('',(-4.44089209850062E-15,-6.66133814775093E-15,1.));
#3187=DIRECTION('center_axis',(-1.,1.2566336859976E-14,-4.44089209850054E-15));
#3188=DIRECTION('ref_axis',(-1.25663368599759E-14,-1.,-7.63001774468588E-15));
#3189=DIRECTION('',(1.2566336859976E-14,1.,0.));
#3190=DIRECTION('',(-1.25663368599759E-14,-1.,-7.63001774468588E-15));
#3191=DIRECTION('center_axis',(-4.44089209850062E-15,-6.66133814775093E-15,
1.));
#3192=DIRECTION('ref_axis',(1.,0.,4.44089209850062E-15));
#3193=DIRECTION('center_axis',(0.289337873079373,0.957227034303725,7.66133123402106E-15));
#3194=DIRECTION('ref_axis',(-0.957227034303725,0.289337873079373,-2.03893620644678E-15));
#3195=DIRECTION('',(0.957227034303725,-0.289337873079373,0.));
#3196=DIRECTION('',(-4.44089209850062E-15,-6.66133814775093E-15,1.));
#3197=DIRECTION('',(-0.957227034303725,0.289337873079373,-2.03893620644678E-15));
#3198=DIRECTION('',(-4.44089209850062E-15,-6.66133814775093E-15,1.));
#3199=DIRECTION('',(-4.44089209850062E-15,-6.66133814775093E-15,1.));
#3200=DIRECTION('',(-4.44089209850062E-15,-6.66133814775093E-15,1.));
#3201=DIRECTION('',(-4.44089209850062E-15,-6.66133814775093E-15,1.));
#3202=DIRECTION('',(-4.44089209850062E-15,-6.66133814775093E-15,1.));
#3203=DIRECTION('',(-4.44089209850062E-15,-6.66133814775093E-15,1.));
#3204=DIRECTION('',(-4.44089209850062E-15,-6.66133814775093E-15,1.));
#3205=DIRECTION('',(-4.44089209850062E-15,-6.66133814775093E-15,1.));
#3206=DIRECTION('',(-4.44089209850062E-15,-6.66133814775093E-15,1.));
#3207=DIRECTION('',(-4.44089209850062E-15,-6.66133814775093E-15,1.));
#3208=DIRECTION('',(-4.44089209850062E-15,-6.66133814775093E-15,1.));
#3209=DIRECTION('center_axis',(0.217188855246341,-0.976129602643411,-5.53781708809164E-15));
#3210=DIRECTION('ref_axis',(0.976129602643411,0.217188855246341,5.9876024451796E-15));
#3211=DIRECTION('',(-0.976129602643411,-0.217188855246341,0.));
#3212=DIRECTION('',(0.976129602643411,0.217188855246341,5.9876024451796E-15));
#3213=DIRECTION('',(-4.44089209850062E-15,-6.66133814775093E-15,1.));
#3214=DIRECTION('',(-4.44089209850062E-15,-6.66133814775093E-15,1.));
#3215=DIRECTION('',(-4.44089209850062E-15,-6.66133814775093E-15,1.));
#3216=DIRECTION('',(-4.44089209850062E-15,-6.66133814775093E-15,1.));
#3217=DIRECTION('',(-4.44089209850062E-15,-6.66133814775093E-15,1.));
#3218=DIRECTION('',(-4.44089209850062E-15,-6.66133814775093E-15,1.));
#3219=DIRECTION('',(-4.44089209850062E-15,-6.66133814775093E-15,1.));
#3220=DIRECTION('',(-4.44089209850062E-15,-6.66133814775093E-15,1.));
#3221=DIRECTION('',(-4.44089209850062E-15,-6.66133814775093E-15,1.));
#3222=DIRECTION('center_axis',(-4.43634494228526E-15,-7.63001774468583E-15,
1.));
#3223=DIRECTION('ref_axis',(1.,-1.2566336859976E-14,4.43634494228517E-15));
#3224=DIRECTION('center_axis',(1.25663368599759E-14,1.,6.66133814775099E-15));
#3225=DIRECTION('ref_axis',(-1.,1.2566336859976E-14,-4.43634494228517E-15));
#3226=DIRECTION('',(1.,-1.25663368599759E-14,0.));
#3227=DIRECTION('',(-4.44089209850062E-15,-6.66133814775093E-15,1.));
#3228=DIRECTION('',(-1.,1.2566336859976E-14,-4.43634494228517E-15));
#3229=DIRECTION('',(-4.44089209850062E-15,-6.66133814775093E-15,1.));
#3230=DIRECTION('center_axis',(1.,-1.2566336859976E-14,4.44089209850054E-15));
#3231=DIRECTION('ref_axis',(1.25663368599759E-14,1.,7.63001774468588E-15));
#3232=DIRECTION('',(-1.2566336859976E-14,-1.,0.));
#3233=DIRECTION('',(1.25663368599759E-14,1.,7.63001774468588E-15));
#3234=DIRECTION('',(-4.44089209850062E-15,-6.66133814775093E-15,1.));
#3235=DIRECTION('center_axis',(-0.759487906572,0.650521421454268,9.60539317460106E-16));
#3236=DIRECTION('ref_axis',(-0.650521421454268,-0.759487906572,-8.68084362193551E-15));
#3237=DIRECTION('',(0.650521421454268,0.759487906572,0.));
#3238=DIRECTION('',(-0.650521421454268,-0.759487906572,-8.68084362193551E-15));
#3239=DIRECTION('',(-4.44089209850062E-15,-6.66133814775093E-15,1.));
#3240=DIRECTION('center_axis',(1.25663368599759E-14,1.,6.66133814775099E-15));
#3241=DIRECTION('ref_axis',(-1.,1.2566336859976E-14,-4.43634494228517E-15));
#3242=DIRECTION('',(1.,-1.25663368599759E-14,0.));
#3243=DIRECTION('',(-1.,1.2566336859976E-14,-4.43634494228517E-15));
#3244=DIRECTION('',(-4.44089209850062E-15,-6.66133814775093E-15,1.));
#3245=DIRECTION('center_axis',(0.718932980503403,-0.695079398014711,-1.43745511724208E-15));
#3246=DIRECTION('ref_axis',(0.695079398014711,0.718932980503403,8.56908337035009E-15));
#3247=DIRECTION('',(-0.695079398014711,-0.718932980503403,0.));
#3248=DIRECTION('',(0.695079398014711,0.718932980503403,8.56908337035009E-15));
#3249=DIRECTION('',(-4.44089209850062E-15,-6.66133814775093E-15,1.));
#3250=DIRECTION('center_axis',(0.852772148086366,0.522283125754762,7.26617360377494E-15));
#3251=DIRECTION('ref_axis',(-0.522283125754762,0.852772148086366,4.18963851868975E-15));
#3252=DIRECTION('',(0.522283125754762,-0.852772148086366,0.));
#3253=DIRECTION('',(-0.522283125754762,0.852772148086366,4.18963851868975E-15));
#3254=DIRECTION('',(-4.44089209850062E-15,-6.66133814775093E-15,1.));
#3255=DIRECTION('center_axis',(-1.25663368599759E-14,-1.,-6.66133814775099E-15));
#3256=DIRECTION('ref_axis',(1.,-1.2566336859976E-14,4.43634494228517E-15));
#3257=DIRECTION('',(-1.,1.25663368599759E-14,0.));
#3258=DIRECTION('',(1.,-1.2566336859976E-14,4.43634494228517E-15));
#3259=DIRECTION('',(-4.44089209850062E-15,-6.66133814775093E-15,1.));
#3260=DIRECTION('center_axis',(-0.889856748667413,-0.456240032056659,-6.9909269340247E-15));
#3261=DIRECTION('ref_axis',(0.456240032056659,-0.889856748667413,-4.76558462387817E-15));
#3262=DIRECTION('',(-0.456240032056659,0.889856748667413,0.));
#3263=DIRECTION('',(0.456240032056659,-0.889856748667413,-4.76558462387817E-15));
#3264=DIRECTION('',(-4.44089209850062E-15,-6.66133814775093E-15,1.));
#3265=DIRECTION('center_axis',(0.723327770732671,-0.690504841465217,-1.38746565998617E-15));
#3266=DIRECTION('ref_axis',(0.690504841465217,0.723327770732671,8.58232138697202E-15));
#3267=DIRECTION('',(-0.690504841465217,-0.723327770732671,0.));
#3268=DIRECTION('',(0.690504841465217,0.723327770732671,8.58232138697202E-15));
#3269=DIRECTION('',(-4.44089209850062E-15,-6.66133814775093E-15,1.));
#3270=DIRECTION('center_axis',(1.,-1.2566336859976E-14,4.44089209850054E-15));
#3271=DIRECTION('ref_axis',(1.25663368599759E-14,1.,7.63001774468588E-15));
#3272=DIRECTION('',(-1.2566336859976E-14,-1.,0.));
#3273=DIRECTION('',(1.25663368599759E-14,1.,7.63001774468588E-15));
#3274=DIRECTION('',(-4.44089209850062E-15,-6.66133814775093E-15,1.));
#3275=DIRECTION('center_axis',(-1.25663368599759E-14,-1.,-6.66133814775099E-15));
#3276=DIRECTION('ref_axis',(1.,-1.2566336859976E-14,4.43634494228517E-15));
#3277=DIRECTION('',(-1.,1.25663368599759E-14,0.));
#3278=DIRECTION('',(1.,-1.2566336859976E-14,4.43634494228517E-15));
#3279=DIRECTION('',(-4.44089209850062E-15,-6.66133814775093E-15,1.));
#3280=DIRECTION('center_axis',(-1.,1.2566336859976E-14,-4.44089209850054E-15));
#3281=DIRECTION('ref_axis',(-1.25663368599759E-14,-1.,-7.63001774468588E-15));
#3282=DIRECTION('',(1.2566336859976E-14,1.,0.));
#3283=DIRECTION('',(-1.25663368599759E-14,-1.,-7.63001774468588E-15));
#3284=DIRECTION('center_axis',(-4.44089209850062E-15,-6.66133814775093E-15,
1.));
#3285=DIRECTION('ref_axis',(1.,0.,4.44089209850062E-15));
#3286=DIRECTION('center_axis',(0.,0.,-1.));
#3287=DIRECTION('ref_axis',(-1.,0.,0.));
#3288=DIRECTION('center_axis',(0.,0.,1.));
#3289=DIRECTION('ref_axis',(-1.,0.,0.));
#3290=DIRECTION('center_axis',(0.,-1.,0.));
#3291=DIRECTION('ref_axis',(1.,0.,0.));
#3292=DIRECTION('center_axis',(0.,0.,-1.));
#3293=DIRECTION('ref_axis',(-1.,0.,0.));
#3294=DIRECTION('center_axis',(0.,0.,1.));
#3295=DIRECTION('ref_axis',(-1.,0.,0.));
#3296=DIRECTION('',(0.,0.,-1.));
#3297=DIRECTION('center_axis',(0.,0.,-1.));
#3298=DIRECTION('ref_axis',(-1.,0.,0.));
#3299=DIRECTION('center_axis',(0.,0.,1.));
#3300=DIRECTION('ref_axis',(1.,0.,0.));
#3301=DIRECTION('center_axis',(0.,0.,1.));
#3302=DIRECTION('ref_axis',(-1.,0.,0.));
#3303=DIRECTION('center_axis',(0.,0.,1.));
#3304=DIRECTION('ref_axis',(-1.,0.,0.));
#3305=DIRECTION('',(0.,0.,-1.));
#3306=DIRECTION('center_axis',(0.,0.,1.));
#3307=DIRECTION('ref_axis',(-1.,0.,0.));
#3308=DIRECTION('center_axis',(0.,0.,1.));
#3309=DIRECTION('ref_axis',(-1.,0.,0.));
#3310=DIRECTION('center_axis',(0.,0.,1.));
#3311=DIRECTION('ref_axis',(-1.,0.,0.));
#3312=DIRECTION('',(1.55431223447535E-15,-1.66533453693764E-16,1.));
#3313=DIRECTION('',(1.,-1.47942995593801E-29,-1.55431223447509E-15));
#3314=DIRECTION('axis',(0.,0.,1.));
#3315=DIRECTION('refdir',(1.,0.,0.));
#3316=DIRECTION('center_axis',(-1.3061447348531E-15,1.99840144432526E-15,
1.));
#3317=DIRECTION('ref_axis',(-1.2566336859976E-14,-1.,1.99840144432525E-15));
#3318=DIRECTION('center_axis',(-6.5307236742655E-16,9.99200722162631E-16,
1.));
#3319=DIRECTION('ref_axis',(-1.,0.,-6.5307236742655E-16));
#3320=DIRECTION('',(-1.2566336859976E-14,-1.,1.99840144432525E-15));
#3321=DIRECTION('center_axis',(-6.5307236742655E-16,9.99200722162631E-16,
1.));
#3322=DIRECTION('ref_axis',(-1.,0.,-6.5307236742655E-16));
#3323=DIRECTION('center_axis',(1.,-1.2566336859976E-14,1.20736753927972E-15));
#3324=DIRECTION('ref_axis',(1.2073675392797E-15,-1.99840144432526E-15,-1.));
#3325=DIRECTION('',(0.,0.,1.));
#3326=DIRECTION('',(1.2566336859976E-14,1.,0.));
#3327=DIRECTION('',(0.,0.,1.));
#3328=DIRECTION('',(-1.2566336859976E-14,-1.,0.));
#3329=DIRECTION('',(0.,0.,-1.));
#3330=DIRECTION('',(1.2566336859976E-14,1.,0.));
#3331=DIRECTION('',(0.,0.,-1.));
#3332=DIRECTION('center_axis',(0.,0.,-1.));
#3333=DIRECTION('ref_axis',(-1.,0.,0.));
#3334=DIRECTION('center_axis',(0.,-1.,0.));
#3335=DIRECTION('ref_axis',(1.,0.,0.));
#3336=DIRECTION('center_axis',(0.,0.,-1.));
#3337=DIRECTION('ref_axis',(-1.,0.,0.));
#3338=DIRECTION('center_axis',(0.,0.,1.));
#3339=DIRECTION('ref_axis',(-1.,0.,0.));
#3340=DIRECTION('center_axis',(3.70074341541719E-15,7.40148683083437E-15,
-1.));
#3341=DIRECTION('ref_axis',(-1.,0.,-3.70074341541719E-15));
#3342=DIRECTION('',(1.,-1.2566336859976E-14,3.70074341541709E-15));
#3343=DIRECTION('',(-1.2566336859976E-14,-1.,-7.40148683083442E-15));
#3344=DIRECTION('',(1.,-1.2566336859976E-14,3.70074341541709E-15));
#3345=DIRECTION('',(1.2566336859976E-14,1.,7.40148683083442E-15));
#3346=DIRECTION('',(1.,-1.2566336859976E-14,3.70074341541709E-15));
#3347=DIRECTION('',(1.2566336859976E-14,1.,7.40148683083442E-15));
#3348=DIRECTION('',(-1.,1.2566336859976E-14,-3.70074341541709E-15));
#3349=DIRECTION('',(1.2566336859976E-14,1.,7.40148683083442E-15));
#3350=DIRECTION('',(-1.,1.2566336859976E-14,-3.70074341541709E-15));
#3351=DIRECTION('',(-1.2566336859976E-14,-1.,-7.40148683083442E-15));
#3352=DIRECTION('',(-1.,1.2566336859976E-14,-3.70074341541709E-15));
#3353=DIRECTION('',(-1.2566336859976E-14,-1.,-7.40148683083442E-15));
#3354=DIRECTION('center_axis',(-1.,1.2566336859976E-14,-3.70074341541709E-15));
#3355=DIRECTION('ref_axis',(-1.2566336859976E-14,-1.,-7.75248242460052E-15));
#3356=DIRECTION('',(-3.70074341541719E-15,-7.40148683083437E-15,1.));
#3357=DIRECTION('',(1.2566336859976E-14,1.,0.));
#3358=DIRECTION('',(-3.70074341541719E-15,-7.40148683083437E-15,1.));
#3359=DIRECTION('center_axis',(-1.2566336859976E-14,-1.,-7.40148683083442E-15));
#3360=DIRECTION('ref_axis',(1.,-1.2566336859976E-14,4.55880962219979E-15));
#3361=DIRECTION('',(-3.70074341541719E-15,-7.40148683083437E-15,1.));
#3362=DIRECTION('',(-1.,1.2566336859976E-14,0.));
#3363=DIRECTION('center_axis',(-1.,1.2566336859976E-14,-3.70074341541709E-15));
#3364=DIRECTION('ref_axis',(-1.2566336859976E-14,-1.,-7.75248242460052E-15));
#3365=DIRECTION('',(-3.70074341541719E-15,-7.40148683083437E-15,1.));
#3366=DIRECTION('',(1.2566336859976E-14,1.,0.));
#3367=DIRECTION('center_axis',(1.2566336859976E-14,1.,7.40148683083442E-15));
#3368=DIRECTION('ref_axis',(-1.,1.2566336859976E-14,-4.55880962219979E-15));
#3369=DIRECTION('',(-3.70074341541719E-15,-7.40148683083437E-15,1.));
#3370=DIRECTION('',(1.,-1.2566336859976E-14,0.));
#3371=DIRECTION('center_axis',(-1.,1.2566336859976E-14,-3.70074341541709E-15));
#3372=DIRECTION('ref_axis',(-1.2566336859976E-14,-1.,-7.75248242460052E-15));
#3373=DIRECTION('',(-3.70074341541719E-15,-7.40148683083437E-15,1.));
#3374=DIRECTION('',(1.2566336859976E-14,1.,0.));
#3375=DIRECTION('center_axis',(1.2566336859976E-14,1.,7.40148683083442E-15));
#3376=DIRECTION('ref_axis',(-1.,1.2566336859976E-14,-4.55880962219979E-15));
#3377=DIRECTION('',(-3.70074341541719E-15,-7.40148683083437E-15,1.));
#3378=DIRECTION('',(1.,-1.2566336859976E-14,0.));
#3379=DIRECTION('center_axis',(1.,-1.2566336859976E-14,3.70074341541709E-15));
#3380=DIRECTION('ref_axis',(1.2566336859976E-14,1.,7.75248242460052E-15));
#3381=DIRECTION('',(-3.70074341541719E-15,-7.40148683083437E-15,1.));
#3382=DIRECTION('',(-1.2566336859976E-14,-1.,0.));
#3383=DIRECTION('',(-3.70074341541719E-15,-7.40148683083437E-15,1.));
#3384=DIRECTION('center_axis',(-1.2566336859976E-14,-1.,-7.40148683083442E-15));
#3385=DIRECTION('ref_axis',(1.,-1.2566336859976E-14,4.55880962219979E-15));
#3386=DIRECTION('',(-3.70074341541719E-15,-7.40148683083437E-15,1.));
#3387=DIRECTION('',(-1.,1.2566336859976E-14,0.));
#3388=DIRECTION('center_axis',(1.,-1.2566336859976E-14,3.70074341541709E-15));
#3389=DIRECTION('ref_axis',(1.2566336859976E-14,1.,7.75248242460052E-15));
#3390=DIRECTION('',(-3.70074341541719E-15,-7.40148683083437E-15,1.));
#3391=DIRECTION('',(-1.2566336859976E-14,-1.,0.));
#3392=DIRECTION('center_axis',(-1.2566336859976E-14,-1.,-7.40148683083442E-15));
#3393=DIRECTION('ref_axis',(1.,-1.2566336859976E-14,4.55880962219979E-15));
#3394=DIRECTION('',(-1.,1.2566336859976E-14,0.));
#3395=DIRECTION('center_axis',(1.,-1.2566336859976E-14,3.70074341541709E-15));
#3396=DIRECTION('ref_axis',(1.2566336859976E-14,1.,7.75248242460052E-15));
#3397=DIRECTION('',(-3.70074341541719E-15,-7.40148683083437E-15,1.));
#3398=DIRECTION('',(-1.2566336859976E-14,-1.,0.));
#3399=DIRECTION('center_axis',(1.2566336859976E-14,1.,7.40148683083442E-15));
#3400=DIRECTION('ref_axis',(-1.,1.2566336859976E-14,-4.55880962219979E-15));
#3401=DIRECTION('',(1.,-1.2566336859976E-14,0.));
#3402=DIRECTION('center_axis',(0.,0.,1.));
#3403=DIRECTION('ref_axis',(-1.,0.,0.));
#3404=DIRECTION('center_axis',(0.,0.,-1.));
#3405=DIRECTION('ref_axis',(-1.,0.,0.));
#3406=DIRECTION('center_axis',(0.,0.,1.));
#3407=DIRECTION('ref_axis',(1.,0.,0.));
#3408=DIRECTION('center_axis',(0.,0.,1.));
#3409=DIRECTION('ref_axis',(-1.,0.,0.));
#3410=DIRECTION('center_axis',(0.,0.,1.));
#3411=DIRECTION('ref_axis',(-1.,0.,0.));
#3412=DIRECTION('center_axis',(0.,0.,1.));
#3413=DIRECTION('ref_axis',(-1.,0.,0.));
#3414=DIRECTION('center_axis',(0.,0.,1.));
#3415=DIRECTION('ref_axis',(-1.,0.,0.));
#3416=DIRECTION('center_axis',(0.,0.,1.));
#3417=DIRECTION('ref_axis',(-1.,0.,0.));
#3418=DIRECTION('center_axis',(0.,0.,1.));
#3419=DIRECTION('ref_axis',(1.,0.,0.));
#3420=DIRECTION('center_axis',(0.,0.,1.));
#3421=DIRECTION('ref_axis',(1.,0.,0.));
#3422=DIRECTION('',(0.,0.,-1.));
#3423=DIRECTION('center_axis',(0.,0.,1.));
#3424=DIRECTION('ref_axis',(1.,0.,0.));
#3425=DIRECTION('center_axis',(0.,0.,1.));
#3426=DIRECTION('ref_axis',(1.,0.,0.));
#3427=DIRECTION('center_axis',(0.,0.,1.));
#3428=DIRECTION('ref_axis',(1.,0.,0.));
#3429=DIRECTION('',(0.,0.,1.));
#3430=DIRECTION('',(1.,0.,0.));
#3431=DIRECTION('',(-4.90575431739523E-15,-9.63986156646332E-15,0.999999999999999));
#3432=DIRECTION('',(1.,1.2566336859976E-14,3.46944695195572E-16));
#3433=DIRECTION('',(-3.35144208292005E-15,-9.75088386892579E-15,1.));
#3434=DIRECTION('',(1.,1.2566336859976E-14,-1.20736753927969E-15));
#3435=CARTESIAN_POINT('',(0.,0.,0.));
#3436=CARTESIAN_POINT('',(0.,0.,0.));
#3437=CARTESIAN_POINT('Origin',(10.6999997608364,10.3999997675419,1.6));
#3438=CARTESIAN_POINT('',(11.5,9.63842274399149,1.6));
#3439=CARTESIAN_POINT('',(11.5,11.1615767910923,1.6));
#3440=CARTESIAN_POINT('',(11.5,4.94999988004565,1.6));
#3441=CARTESIAN_POINT('Origin',(10.6999997608364,10.3999997675419,1.6));
#3442=CARTESIAN_POINT('Origin',(10.6999997608364,10.3999997675419,1.6));
#3443=CARTESIAN_POINT('',(11.5,11.1615767910923,9.00000016391277));
#3444=CARTESIAN_POINT('',(11.5,11.1615767910923,1.6));
#3445=CARTESIAN_POINT('',(11.5,9.63842274399149,9.00000016391277));
#3446=CARTESIAN_POINT('',(11.5,9.63842274399149,1.6));
#3447=CARTESIAN_POINT('',(10.7499999999997,9.29659597855738,9.00000016391277));
#3448=CARTESIAN_POINT('Origin',(10.6999997608364,10.3999997675419,9.00000016391277));
#3449=CARTESIAN_POINT('',(10.7499999999997,9.29659597855738,9.01));
#3450=CARTESIAN_POINT('',(10.7499999999997,9.29659597855738,1.6));
#3451=CARTESIAN_POINT('',(10.0000001490116,9.54559910689903,9.01));
#3452=CARTESIAN_POINT('Origin',(10.6999997608364,10.3999997675419,9.01));
#3453=CARTESIAN_POINT('',(10.0000001490116,9.54559910689903,9.));
#3454=CARTESIAN_POINT('',(10.0000001490116,9.54559910689903,1.6));
#3455=CARTESIAN_POINT('',(10.0000001490116,11.2544004281847,9.));
#3456=CARTESIAN_POINT('Origin',(10.6999997608364,10.3999997675419,9.));
#3457=CARTESIAN_POINT('',(10.0000001490116,11.2544004281847,9.01));
#3458=CARTESIAN_POINT('',(10.0000001490116,11.2544004281847,1.6));
#3459=CARTESIAN_POINT('',(10.7499999999997,11.5034035565264,9.01));
#3460=CARTESIAN_POINT('Origin',(10.6999997608364,10.3999997675419,9.01));
#3461=CARTESIAN_POINT('',(10.7499999999997,11.5034035565264,9.00000016391277));
#3462=CARTESIAN_POINT('',(10.7499999999997,11.5034035565264,1.6));
#3463=CARTESIAN_POINT('Origin',(10.6999997608364,10.3999997675419,9.00000016391277));
#3464=CARTESIAN_POINT('Origin',(10.5,15.0000002235174,9.00000016391277));
#3465=CARTESIAN_POINT('',(11.5,0.,9.00000016391277));
#3466=CARTESIAN_POINT('',(11.5,-16.0000002384186,9.00000016391278));
#3467=CARTESIAN_POINT('',(10.7499999999997,2.16506374518882,9.00000016391277));
#3468=CARTESIAN_POINT('Origin',(8.00000011920929,0.,9.00000016391277));
#3469=CARTESIAN_POINT('',(10.7499999999997,-1.74999988823865,9.00000016391277));
#3470=CARTESIAN_POINT('Origin',(10.5,15.0000002235174,9.00000016391277));
#3471=CARTESIAN_POINT('',(10.7499999999997,15.0000002235174,9.00000016391277));
#3472=CARTESIAN_POINT('',(10.7499999999997,-1.74999988823865,9.00000016391277));
#3473=CARTESIAN_POINT('',(11.5,15.0000002235174,9.00000016391277));
#3474=CARTESIAN_POINT('',(10.5,15.0000002235174,9.00000016391277));
#3475=CARTESIAN_POINT('',(11.5,-16.0000002384186,9.00000016391278));
#3476=CARTESIAN_POINT('Origin',(0.,0.,9.));
#3477=CARTESIAN_POINT('',(10.0000001490116,2.87228136606934,9.));
#3478=CARTESIAN_POINT('',(10.0000001490116,-15.0000002235174,9.));
#3479=CARTESIAN_POINT('',(4.50000006705523,-4.28626386088604E-16,9.));
#3480=CARTESIAN_POINT('Origin',(8.00000011920929,0.,9.));
#3481=CARTESIAN_POINT('',(10.0000001490116,-2.87228136606934,9.));
#3482=CARTESIAN_POINT('Origin',(8.00000011920929,0.,9.));
#3483=CARTESIAN_POINT('',(10.0000001490116,-8.1411693972508,9.));
#3484=CARTESIAN_POINT('',(10.0000001490116,-15.0000002235174,9.));
#3485=CARTESIAN_POINT('',(4.16568791020837,-10.7477609355998,9.));
#3486=CARTESIAN_POINT('Origin',(7.66511655546183,-10.7477609355998,9.));
#3487=CARTESIAN_POINT('',(10.0000001490116,-13.3543524739488,9.));
#3488=CARTESIAN_POINT('Origin',(7.66511655546183,-10.7477609355998,9.));
#3489=CARTESIAN_POINT('',(10.0000001490116,-15.0000002235174,9.));
#3490=CARTESIAN_POINT('',(10.0000001490116,-15.0000002235174,9.));
#3491=CARTESIAN_POINT('',(-10.0000001490116,-15.0000002235174,9.));
#3492=CARTESIAN_POINT('',(-10.0000001490116,-15.0000002235174,9.));
#3493=CARTESIAN_POINT('',(-10.0000001490116,15.0000002235174,9.));
#3494=CARTESIAN_POINT('',(-10.0000001490116,15.0000002235174,9.));
#3495=CARTESIAN_POINT('',(10.0000001490116,15.0000002235174,9.));
#3496=CARTESIAN_POINT('',(10.0000001490116,15.0000002235174,9.));
#3497=CARTESIAN_POINT('',(10.0000001490116,-15.0000002235174,9.));
#3498=CARTESIAN_POINT('',(-3.41227770728999,3.20000004470348,9.));
#3499=CARTESIAN_POINT('Origin',(-6.93889390390723E-17,3.20000004470348,
9.));
#3500=CARTESIAN_POINT('Origin',(10.7499999999997,-18.4999999999947,1.51));
#3501=CARTESIAN_POINT('',(10.7499999999997,2.16506374518882,9.01));
#3502=CARTESIAN_POINT('',(10.7499999999997,2.16506374518882,8.));
#3503=CARTESIAN_POINT('',(10.7499999999997,13.9999999999997,9.01));
#3504=CARTESIAN_POINT('Origin',(10.7499999999997,-18.4999999999947,1.51));
#3505=CARTESIAN_POINT('',(10.7499999999997,15.9999999999997,9.01));
#3506=CARTESIAN_POINT('',(10.7499999999997,13.9999999999997,9.01));
#3507=CARTESIAN_POINT('',(10.7499999999997,15.9999999999997,1.51));
#3508=CARTESIAN_POINT('',(10.7499999999997,15.9999999999997,5.26));
#3509=CARTESIAN_POINT('',(10.7499999999997,15.0000002235174,1.51));
#3510=CARTESIAN_POINT('',(10.7499999999997,6.3750000000011,1.51));
#3511=CARTESIAN_POINT('',(10.7499999999997,15.0000002235174,-0.245000014901161));
#3512=CARTESIAN_POINT('Origin',(10.0000001490116,-15.0000002235174,9.));
#3513=CARTESIAN_POINT('',(10.0000001490116,2.87228136606934,9.01));
#3514=CARTESIAN_POINT('',(10.0000001490116,-8.12500011175746,9.01));
#3515=CARTESIAN_POINT('',(10.0000001490116,2.87228136606934,8.));
#3516=CARTESIAN_POINT('Origin',(10.0000001490116,-15.0000002235174,9.));
#3517=CARTESIAN_POINT('',(10.0000001490116,15.0000002235174,9.01));
#3518=CARTESIAN_POINT('',(10.0000001490116,15.0000002235174,9.));
#3519=CARTESIAN_POINT('',(10.0000001490116,-8.12500011175746,9.01));
#3520=CARTESIAN_POINT('Origin',(2.58904009342587E-12,-1.24999999999751,
9.01));
#3521=CARTESIAN_POINT('Origin',(8.00000011920929,0.,9.01));
#3522=CARTESIAN_POINT('Origin',(2.58904009342587E-12,-1.24999999999751,
9.01));
#3523=CARTESIAN_POINT('',(-10.0000001490116,15.0000002235174,9.01));
#3524=CARTESIAN_POINT('',(5.0000000745071,15.0000002235174,9.01));
#3525=CARTESIAN_POINT('',(-10.0000001490116,-15.0000002235174,9.01));
#3526=CARTESIAN_POINT('',(-10.0000001490116,6.87500011175996,9.01));
#3527=CARTESIAN_POINT('',(10.0000001490116,-15.0000002235174,9.01));
#3528=CARTESIAN_POINT('',(-5.00000007450451,-15.0000002235174,9.01));
#3529=CARTESIAN_POINT('',(10.0000001490116,-13.3543524739488,9.01));
#3530=CARTESIAN_POINT('',(10.0000001490116,-8.12500011175746,9.01));
#3531=CARTESIAN_POINT('',(10.7499999999997,-12.3998792657555,9.01));
#3532=CARTESIAN_POINT('Origin',(7.66511655546183,-10.7477609355998,9.01));
#3533=CARTESIAN_POINT('',(10.7499999999997,-16.4999999999947,9.01));
#3534=CARTESIAN_POINT('',(10.7499999999997,13.9999999999997,9.01));
#3535=CARTESIAN_POINT('',(-10.7499999999945,-16.4999999999947,9.01));
#3536=CARTESIAN_POINT('',(-6.37499999999598,-16.4999999999947,9.01));
#3537=CARTESIAN_POINT('',(-10.7499999999945,15.9999999999997,9.01));
#3538=CARTESIAN_POINT('',(-10.7499999999945,7.3750000000011,9.01));
#3539=CARTESIAN_POINT('',(1.00000000000259,15.9999999999997,9.01));
#3540=CARTESIAN_POINT('Origin',(-12.0000001788139,0.,4.00000005960464));
#3541=CARTESIAN_POINT('',(-12.0000001788139,-18.4682457903756,2.00000002980232));
#3542=CARTESIAN_POINT('',(-12.0000001788139,-18.4682457903756,4.00000005960464));
#3543=CARTESIAN_POINT('',(-12.0000001788139,-18.4682457903756,1.51));
#3544=CARTESIAN_POINT('',(-12.0000001788139,0.,2.00000002980232));
#3545=CARTESIAN_POINT('',(-12.0000001788139,0.,2.00000002980232));
#3546=CARTESIAN_POINT('',(-12.0000001788139,0.,4.00000005960464));
#3547=CARTESIAN_POINT('',(-12.0000001788139,0.,2.00000002980232));
#3548=CARTESIAN_POINT('',(-12.0000001788139,0.,4.00000005960464));
#3549=CARTESIAN_POINT('Origin',(4.00000005960464,0.,4.00000005960464));
#3550=CARTESIAN_POINT('',(-11.7499999999945,-18.4999999999947,4.00000005960464));
#3551=CARTESIAN_POINT('Origin',(-11.7499999999945,-17.4999999999947,4.00000005960464));
#3552=CARTESIAN_POINT('',(-10.7499999999945,0.,4.00000005960464));
#3553=CARTESIAN_POINT('',(-12.0000001788139,0.,4.00000005960464));
#3554=CARTESIAN_POINT('',(-10.7499999999945,-16.4999999999947,4.00000005960464));
#3555=CARTESIAN_POINT('',(-10.7499999999945,7.99999999999986,4.00000005960464));
#3556=CARTESIAN_POINT('',(4.00000005960464,-16.4999999999947,4.00000005960464));
#3557=CARTESIAN_POINT('',(-4.37499997019495,-16.4999999999947,4.00000005960464));
#3558=CARTESIAN_POINT('',(4.00000005960464,-18.4999999999947,4.00000005960464));
#3559=CARTESIAN_POINT('',(4.00000005960464,0.,4.00000005960464));
#3560=CARTESIAN_POINT('',(-4.37499997019495,-18.4999999999947,4.00000005960464));
#3561=CARTESIAN_POINT('Origin',(4.00000005960464,0.,2.00000002980232));
#3562=CARTESIAN_POINT('',(4.00000005960464,-18.4999999999947,2.00000002980232));
#3563=CARTESIAN_POINT('',(4.00000005960464,-18.4999999999947,1.75500001490116));
#3564=CARTESIAN_POINT('',(4.00000005960464,-16.4999999999947,2.00000002980232));
#3565=CARTESIAN_POINT('',(4.00000005960464,-16.4999999999947,1.75500001490116));
#3566=CARTESIAN_POINT('',(4.00000005960464,0.,2.00000002980232));
#3567=CARTESIAN_POINT('Origin',(-12.0000001788139,0.,2.00000002980232));
#3568=CARTESIAN_POINT('',(-11.7499999999945,-18.4999999999947,2.00000002980232));
#3569=CARTESIAN_POINT('Origin',(-11.7499999999945,-17.4999999999947,2.00000002980232));
#3570=CARTESIAN_POINT('',(-12.3750000894042,-18.4999999999947,2.00000002980232));
#3571=CARTESIAN_POINT('',(-10.7499999999945,-16.4999999999947,2.00000002980232));
#3572=CARTESIAN_POINT('',(-12.3750000894042,-16.4999999999947,2.00000002980232));
#3573=CARTESIAN_POINT('',(-10.7499999999945,0.,2.00000002980232));
#3574=CARTESIAN_POINT('',(-10.7499999999945,7.99999999999986,2.00000002980232));
#3575=CARTESIAN_POINT('',(4.00000005960464,0.,2.00000002980232));
#3576=CARTESIAN_POINT('Origin',(-4.00000005960464,0.,3.00000004470348));
#3577=CARTESIAN_POINT('',(-10.7499999999945,0.,2.25500002235174));
#3578=CARTESIAN_POINT('Origin',(-11.7499999999945,-17.4999999999947,1.51));
#3579=CARTESIAN_POINT('',(-11.7499999999945,-18.4999999999947,11.01));
#3580=CARTESIAN_POINT('',(-11.7499999999945,-18.4999999999947,1.51));
#3581=CARTESIAN_POINT('',(-12.7499999999945,-17.4999999999947,11.01));
#3582=CARTESIAN_POINT('Origin',(-11.7499999999945,-17.4999999999947,11.01));
#3583=CARTESIAN_POINT('',(-12.7499999999945,-17.4999999999947,-2.24));
#3584=CARTESIAN_POINT('',(-12.7499999999945,-17.4999999999947,1.51));
#3585=CARTESIAN_POINT('',(-11.7499999999945,-18.4999999999947,-2.24));
#3586=CARTESIAN_POINT('Origin',(-11.7499999999945,-17.4999999999947,-2.24));
#3587=CARTESIAN_POINT('',(-11.7499999999945,-18.4999999999947,1.51));
#3588=CARTESIAN_POINT('Origin',(-12.7499999999945,-16.4999999999947,1.51));
#3589=CARTESIAN_POINT('',(-10.7499999999945,-16.4999999999947,1.51));
#3590=CARTESIAN_POINT('',(10.7499999999997,-16.4999999999947,1.51));
#3591=CARTESIAN_POINT('',(10.7499999999997,-16.4999999999947,1.51));
#3592=CARTESIAN_POINT('',(-10.7499999999945,-16.4999999999947,1.51));
#3593=CARTESIAN_POINT('',(-6.37499999999598,-16.4999999999947,1.51));
#3594=CARTESIAN_POINT('',(-10.7499999999945,-16.4999999999947,1.51));
#3595=CARTESIAN_POINT('Origin',(-6.93889390390723E-17,3.20000004470348,
9.25));
#3596=CARTESIAN_POINT('',(-3.16227770728999,3.20000004470348,9.25));
#3597=CARTESIAN_POINT('Origin',(-3.41227770728999,3.20000004470348,9.25));
#3598=CARTESIAN_POINT('Origin',(-6.93889390390723E-17,3.20000004470348,
9.25));
#3599=CARTESIAN_POINT('Origin',(-6.93889390390723E-17,3.20000004470348,
11.5));
#3600=CARTESIAN_POINT('',(-3.16227770728999,3.20000004470348,10.76));
#3601=CARTESIAN_POINT('',(3.16227770728999,3.20000004470348,10.76));
#3602=CARTESIAN_POINT('Origin',(-6.93889390390723E-17,3.20000004470348,
10.76));
#3603=CARTESIAN_POINT('',(-3.16227770728999,3.20000004470348,11.5));
#3604=CARTESIAN_POINT('Origin',(-6.93889390390723E-17,3.20000004470348,
10.76));
#3605=CARTESIAN_POINT('Origin',(-6.93889390390723E-17,3.20000004470348,
10.76));
#3606=CARTESIAN_POINT('',(3.41227770728999,3.20000004470348,11.01));
#3607=CARTESIAN_POINT('Origin',(-6.93889390390723E-17,3.20000004470348,
11.01));
#3608=CARTESIAN_POINT('Origin',(3.41227770728999,3.20000004470348,10.76));
#3609=CARTESIAN_POINT('Origin',(2.58904009342587E-12,-1.24999999999751,
11.01));
#3610=CARTESIAN_POINT('',(-12.7499999999945,14.9999999999997,11.01));
#3611=CARTESIAN_POINT('',(-11.7499999999945,15.9999999999997,11.01));
#3612=CARTESIAN_POINT('Origin',(-11.7499999999945,14.9999999999997,11.01));
#3613=CARTESIAN_POINT('',(-12.7499999999945,15.9999999999997,11.01));
#3614=CARTESIAN_POINT('',(11.7499999999997,-18.4999999999947,11.01));
#3615=CARTESIAN_POINT('',(-12.7499999999945,-18.4999999999947,11.01));
#3616=CARTESIAN_POINT('',(12.7499999999997,-17.4999999999947,11.01));
#3617=CARTESIAN_POINT('Origin',(11.7499999999997,-17.4999999999947,11.01));
#3618=CARTESIAN_POINT('',(12.7499999999997,14.9999999999997,11.01));
#3619=CARTESIAN_POINT('',(12.7499999999997,-18.4999999999947,11.01));
#3620=CARTESIAN_POINT('',(11.7499999999997,15.9999999999997,11.01));
#3621=CARTESIAN_POINT('Origin',(11.7499999999997,14.9999999999997,11.01));
#3622=CARTESIAN_POINT('',(12.7499999999997,15.9999999999997,11.01));
#3623=CARTESIAN_POINT('',(11.6645452007153,-10.7477609355998,11.01));
#3624=CARTESIAN_POINT('Origin',(7.66511655546183,-10.7477609355998,11.01));
#3625=CARTESIAN_POINT('',(12.0000001713634,-4.89858726045972E-16,11.01));
#3626=CARTESIAN_POINT('Origin',(8.00000011920929,0.,11.01));
#3627=CARTESIAN_POINT('Origin',(7.66511655546183,-10.7477609355998,10.51));
#3628=CARTESIAN_POINT('',(11.1645452007153,-10.7477609355998,10.51));
#3629=CARTESIAN_POINT('Origin',(11.6645452007153,-10.7477609355998,10.51));
#3630=CARTESIAN_POINT('',(4.16568791020837,-10.7477609355998,10.51));
#3631=CARTESIAN_POINT('Origin',(7.66511655546183,-10.7477609355998,10.51));
#3632=CARTESIAN_POINT('Origin',(7.66511655546183,-10.7477609355998,10.51));
#3633=CARTESIAN_POINT('Origin',(7.66511655546183,-10.7477609355998,8.));
#3634=CARTESIAN_POINT('',(10.0000001490116,-13.3543524739488,8.));
#3635=CARTESIAN_POINT('',(4.16568791020837,-10.7477609355998,8.));
#3636=CARTESIAN_POINT('',(10.0000001490116,-8.1411693972508,9.01));
#3637=CARTESIAN_POINT('',(10.0000001490116,-8.1411693972508,8.));
#3638=CARTESIAN_POINT('',(10.7499999999997,-9.09564260544407,9.01));
#3639=CARTESIAN_POINT('Origin',(7.66511655546183,-10.7477609355998,9.01));
#3640=CARTESIAN_POINT('',(10.7499999999997,-9.09564260544407,9.00000016391278));
#3641=CARTESIAN_POINT('',(10.7499999999997,-9.09564260544407,8.));
#3642=CARTESIAN_POINT('',(10.7499999999997,-12.3998792657555,9.00000016391278));
#3643=CARTESIAN_POINT('Origin',(7.66511655546183,-10.7477609355998,9.00000016391277));
#3644=CARTESIAN_POINT('',(10.7499999999997,-12.3998792657555,8.));
#3645=CARTESIAN_POINT('Origin',(10.7499999999997,-18.4999999999947,1.51));
#3646=CARTESIAN_POINT('',(10.7499999999997,-16.0000002384186,9.00000016391278));
#3647=CARTESIAN_POINT('',(10.7499999999997,-1.74999988823865,9.00000016391277));
#3648=CARTESIAN_POINT('',(10.7499999999997,-16.0000000000002,1.51));
#3649=CARTESIAN_POINT('',(10.7499999999997,-16.0000002384186,5.25500008195639));
#3650=CARTESIAN_POINT('',(10.7499999999997,-9.87499999999612,1.51));
#3651=CARTESIAN_POINT('Origin',(10.7499999999997,-18.4999999999947,1.51));
#3652=CARTESIAN_POINT('',(10.7499999999997,-2.16506374518882,9.01));
#3653=CARTESIAN_POINT('',(10.7499999999997,13.9999999999997,9.01));
#3654=CARTESIAN_POINT('',(10.7499999999997,-2.16506374518882,9.00000016391277));
#3655=CARTESIAN_POINT('',(10.7499999999997,-2.16506374518882,8.));
#3656=CARTESIAN_POINT('',(10.7499999999997,-1.74999988823865,9.00000016391277));
#3657=CARTESIAN_POINT('Origin',(2.58904009342587E-12,-1.24999999999751,
9.01));
#3658=CARTESIAN_POINT('',(10.0000001490116,-2.87228136606934,9.01));
#3659=CARTESIAN_POINT('',(10.0000001490116,-8.12500011175746,9.01));
#3660=CARTESIAN_POINT('Origin',(8.00000011920929,0.,9.01));
#3661=CARTESIAN_POINT('Origin',(10.0000001490116,-15.0000002235174,9.));
#3662=CARTESIAN_POINT('',(10.0000001490116,-15.0000002235174,9.));
#3663=CARTESIAN_POINT('Origin',(10.0000001490116,-15.0000002235174,9.));
#3664=CARTESIAN_POINT('',(10.0000001490116,-2.87228136606934,8.));
#3665=CARTESIAN_POINT('Origin',(8.00000011920929,0.,10.51));
#3666=CARTESIAN_POINT('',(11.5000001713634,-4.28626386088604E-16,10.51));
#3667=CARTESIAN_POINT('Origin',(12.0000001713634,-4.89858726045972E-16,
10.51));
#3668=CARTESIAN_POINT('',(4.50000006705523,4.28626386088604E-16,10.51));
#3669=CARTESIAN_POINT('Origin',(8.00000011920929,0.,10.51));
#3670=CARTESIAN_POINT('Origin',(8.00000011920929,0.,10.51));
#3671=CARTESIAN_POINT('Origin',(8.00000011920929,0.,8.));
#3672=CARTESIAN_POINT('Origin',(8.00000011920929,0.,9.00000016391277));
#3673=CARTESIAN_POINT('',(4.50000006705523,-4.28626386088604E-16,8.));
#3674=CARTESIAN_POINT('Origin',(10.5,15.0000002235174,9.00000016391277));
#3675=CARTESIAN_POINT('',(11.5,-16.0000002384186,9.00000016391278));
#3676=CARTESIAN_POINT('',(11.5,-16.0000002384186,9.00000016391278));
#3677=CARTESIAN_POINT('',(10.5,-16.0000002384186,9.00000016391278));
#3678=CARTESIAN_POINT('Origin',(-10.0000001490116,15.0000002235174,9.));
#3679=CARTESIAN_POINT('',(-10.0000001490116,15.0000002235174,9.));
#3680=CARTESIAN_POINT('',(-10.0000001490116,-15.0000002235174,9.));
#3681=CARTESIAN_POINT('Origin',(10.0000001490116,15.0000002235174,9.));
#3682=CARTESIAN_POINT('Origin',(-10.0000001490116,-15.0000002235174,9.));
#3683=CARTESIAN_POINT('Origin',(11.5,-0.500000007450581,3.50000006705523));
#3684=CARTESIAN_POINT('',(11.5,15.0000002235174,1.51));
#3685=CARTESIAN_POINT('',(11.5,15.0000002235174,9.00000016391277));
#3686=CARTESIAN_POINT('',(11.5,-16.0000002384186,1.51));
#3687=CARTESIAN_POINT('',(11.5,-0.875000003724044,1.51));
#3688=CARTESIAN_POINT('',(11.5,-16.0000002384186,-2.00000002980232));
#3689=CARTESIAN_POINT('Origin',(10.5,15.0000002235174,-2.00000002980232));
#3690=CARTESIAN_POINT('',(5.25000000000129,15.0000002235174,1.51));
#3691=CARTESIAN_POINT('Origin',(-12.7499999999945,-15.9999999999999,1.51));
#3692=CARTESIAN_POINT('',(-10.7499999999945,-15.9999999999999,1.51));
#3693=CARTESIAN_POINT('',(-12.7499999999945,-15.9999999999999,1.51));
#3694=CARTESIAN_POINT('',(12.7499999999997,-16.0000000000002,1.51));
#3695=CARTESIAN_POINT('',(-6.37499999999607,-16.,1.51));
#3696=CARTESIAN_POINT('',(12.7499999999997,-16.0000000000002,-2.24));
#3697=CARTESIAN_POINT('',(12.7499999999997,-16.0000000000002,1.51));
#3698=CARTESIAN_POINT('',(-12.7499999999945,-15.9999999999999,-2.24));
#3699=CARTESIAN_POINT('',(-12.7499999999945,-15.9999999999999,-2.24));
#3700=CARTESIAN_POINT('',(-12.7499999999945,-15.9999999999999,1.51));
#3701=CARTESIAN_POINT('',(-12.7499999999945,-15.9999999999999,1.51));
#3702=CARTESIAN_POINT('',(-6.37499999999607,-16.,1.51));
#3703=CARTESIAN_POINT('Origin',(2.58904009342587E-12,-1.24999999999751,
1.51));
#3704=CARTESIAN_POINT('',(11.7499999999997,15.9999999999997,1.51));
#3705=CARTESIAN_POINT('',(12.7499999999997,15.9999999999997,1.51));
#3706=CARTESIAN_POINT('',(12.7499999999997,14.9999999999997,1.51));
#3707=CARTESIAN_POINT('Origin',(11.7499999999997,14.9999999999997,1.51));
#3708=CARTESIAN_POINT('',(12.7499999999997,-18.4999999999947,1.51));
#3709=CARTESIAN_POINT('Origin',(12.7499999999997,15.9999999999997,1.51));
#3710=CARTESIAN_POINT('',(-10.7499999999945,15.9999999999997,1.51));
#3711=CARTESIAN_POINT('',(-10.7499999999945,15.9999999999997,1.51));
#3712=CARTESIAN_POINT('',(-11.7499999999945,15.9999999999997,1.51));
#3713=CARTESIAN_POINT('',(12.7499999999997,15.9999999999997,1.51));
#3714=CARTESIAN_POINT('',(-11.7499999999945,15.9999999999997,1.51));
#3715=CARTESIAN_POINT('',(11.7499999999997,15.9999999999997,1.51));
#3716=CARTESIAN_POINT('Origin',(2.58904009342587E-12,-1.24999999999751,
1.51));
#3717=CARTESIAN_POINT('',(-10.7499999999945,6.3750000000011,1.51));
#3718=CARTESIAN_POINT('',(-12.7499999999945,14.9999999999997,1.51));
#3719=CARTESIAN_POINT('',(-12.7499999999945,15.9999999999997,1.51));
#3720=CARTESIAN_POINT('Origin',(-11.7499999999945,14.9999999999997,1.51));
#3721=CARTESIAN_POINT('Origin',(-11.7499999999945,14.9999999999997,1.51));
#3722=CARTESIAN_POINT('',(-12.7499999999945,14.9999999999997,1.51));
#3723=CARTESIAN_POINT('Origin',(11.7499999999997,14.9999999999997,1.51));
#3724=CARTESIAN_POINT('',(12.7499999999997,14.9999999999997,1.51));
#3725=CARTESIAN_POINT('Origin',(11.7499999999997,-17.4999999999947,1.51));
#3726=CARTESIAN_POINT('',(11.7499999999997,-18.4999999999947,-2.24));
#3727=CARTESIAN_POINT('',(11.7499999999997,-18.4999999999947,1.51));
#3728=CARTESIAN_POINT('',(12.7499999999997,-17.4999999999947,-2.24));
#3729=CARTESIAN_POINT('Origin',(11.7499999999997,-17.4999999999947,-2.24));
#3730=CARTESIAN_POINT('',(12.7499999999997,-17.4999999999947,1.51));
#3731=CARTESIAN_POINT('Origin',(2.58904009342587E-12,-17.2499999999973,
-2.24));
#3732=CARTESIAN_POINT('',(-12.7499999999945,-18.4999999999947,-2.24));
#3733=CARTESIAN_POINT('',(-12.7499999999945,15.9999999999997,-2.24));
#3734=CARTESIAN_POINT('',(12.7499999999997,-18.4999999999947,-2.24));
#3735=CARTESIAN_POINT('Origin',(-12.7499999999945,-18.4999999999947,1.51));
#3736=CARTESIAN_POINT('Origin',(2.58904009342587E-12,-17.2499999999973,
1.51));
#3737=CARTESIAN_POINT('',(-10.7499999999945,7.3750000000011,1.51));
#3738=CARTESIAN_POINT('Origin',(-10.7499999999945,15.9999999999997,1.51));
#3739=CARTESIAN_POINT('Origin',(12.7499999999997,-18.4999999999947,1.51));
#3740=CARTESIAN_POINT('Origin',(-12.7499999999945,15.9999999999997,1.51));
#3741=CARTESIAN_POINT('',(0.,0.,0.));
#3742=CARTESIAN_POINT('',(0.,0.,0.));
#3743=CARTESIAN_POINT('Origin',(-1.34595593863164,-4.58629205499225,12.771732475176));
#3744=CARTESIAN_POINT('',(-1.34595593863169,-9.04297958569875,12.7717324751761));
#3745=CARTESIAN_POINT('',(-1.27035961252048,-8.35,12.771732475176));
#3746=CARTESIAN_POINT('Origin',(-4.484375,-8.35,12.771732475176));
#3747=CARTESIAN_POINT('',(-1.34595593863168,-7.65702041430133,12.771732475176));
#3748=CARTESIAN_POINT('',(-1.34595593863164,-4.58629205499225,12.771732475176));
#3749=CARTESIAN_POINT('Origin',(-4.484375,-8.35,12.771732475176));
#3750=CARTESIAN_POINT('Origin',(-1.34595593863168,-7.98629197899633,9.42173255005439));
#3751=CARTESIAN_POINT('',(-1.3459559386317,-9.13198940904919,12.5854375));
#3752=CARTESIAN_POINT('Ctrl Pts',(-1.3459559386317,-9.13198940904919,12.5854375));
#3753=CARTESIAN_POINT('Ctrl Pts',(-1.3459559386317,-9.13198940904919,12.6117301921523));
#3754=CARTESIAN_POINT('Ctrl Pts',(-1.3459559386317,-9.12561479430401,12.6426307493987));
#3755=CARTESIAN_POINT('Ctrl Pts',(-1.3459559386317,-9.10338966641459,12.6980721328752));
#3756=CARTESIAN_POINT('Ctrl Pts',(-1.3459559386317,-9.08088377460116,12.7312912007415));
#3757=CARTESIAN_POINT('Ctrl Pts',(-1.3459559386317,-9.05344918324777,12.761239253841));
#3758=CARTESIAN_POINT('Ctrl Pts',(-1.3459559386317,-9.04833215839761,12.7665155042227));
#3759=CARTESIAN_POINT('Ctrl Pts',(-1.3459559386317,-9.04297958569875,12.7717324751761));
#3760=CARTESIAN_POINT('',(-1.34595593863169,-9.13198940904916,8.17375));
#3761=CARTESIAN_POINT('',(-1.34595593863169,-9.13198940904916,7.31125));
#3762=CARTESIAN_POINT('',(-1.34595593863171,-10.9833838612829,8.17375));
#3763=CARTESIAN_POINT('',(-1.34595593863168,-8.16814598949819,8.17375));
#3764=CARTESIAN_POINT('',(-1.34595593863171,-10.9833838612829,7.31125));
#3765=CARTESIAN_POINT('',(-1.34595593863171,-10.9833838612829,7.31125));
#3766=CARTESIAN_POINT('',(-1.34595593863165,-5.71661613871719,7.31125));
#3767=CARTESIAN_POINT('',(-1.34595593863168,-8.16814598949819,7.31125));
#3768=CARTESIAN_POINT('',(-1.34595593863165,-5.71661613871719,8.17375));
#3769=CARTESIAN_POINT('',(-1.34595593863165,-5.71661613871719,7.31125));
#3770=CARTESIAN_POINT('',(-1.34595593863167,-7.56801059095092,8.17375));
#3771=CARTESIAN_POINT('',(-1.34595593863168,-8.16814598949819,8.17375));
#3772=CARTESIAN_POINT('',(-1.34595593863168,-7.5680105909509,12.5854375));
#3773=CARTESIAN_POINT('',(-1.34595593863167,-7.56801059095092,7.31125));
#3774=CARTESIAN_POINT('Ctrl Pts',(-1.34595593863168,-7.65702041430133,12.7717324751761));
#3775=CARTESIAN_POINT('Ctrl Pts',(-1.34595593863168,-7.65166784160247,12.7665155042227));
#3776=CARTESIAN_POINT('Ctrl Pts',(-1.34595593863168,-7.64655081675231,12.761239253841));
#3777=CARTESIAN_POINT('Ctrl Pts',(-1.34595593863168,-7.61911622539893,12.7312912007415));
#3778=CARTESIAN_POINT('Ctrl Pts',(-1.34595593863168,-7.5966103335855,12.6980721328752));
#3779=CARTESIAN_POINT('Ctrl Pts',(-1.34595593863168,-7.57438520569607,12.6426307493987));
#3780=CARTESIAN_POINT('Ctrl Pts',(-1.34595593863168,-7.56801059095089,12.6117301921523));
#3781=CARTESIAN_POINT('Ctrl Pts',(-1.34595593863168,-7.56801059095089,12.5854375));
#3782=CARTESIAN_POINT('Origin',(-4.484375,-8.35,12.5854375));
#3783=CARTESIAN_POINT('',(-2.1125,-8.35,13.4479375));
#3784=CARTESIAN_POINT('Origin',(-2.1125,-8.35,12.5854375));
#3785=CARTESIAN_POINT('Origin',(-4.484375,-8.35,13.4479375));
#3786=CARTESIAN_POINT('Origin',(-4.484375,-8.35,12.5854375));
#3787=CARTESIAN_POINT('Origin',(-2.74034925084585,-8.046735562794,13.4479375));
#3788=CARTESIAN_POINT('',(-6.19034917373234,-8.04673556279396,13.4479375));
#3789=CARTESIAN_POINT('',(-2.74034925084585,-8.046735562794,13.4479375));
#3790=CARTESIAN_POINT('',(-3.61236212542292,-8.04673556279399,13.4479375));
#3791=CARTESIAN_POINT('',(-6.19034917373234,-8.04673556279397,14.0229375));
#3792=CARTESIAN_POINT('',(-6.19034917373234,-8.04673556279396,13.4479375));
#3793=CARTESIAN_POINT('',(-2.74034925084585,-8.04673556279401,14.0229375));
#3794=CARTESIAN_POINT('',(-2.74034925084585,-8.04673556279401,14.0229375));
#3795=CARTESIAN_POINT('',(-2.74034925084585,-8.046735562794,13.4479375));
#3796=CARTESIAN_POINT('Origin',(-2.74034925084586,-8.62173554994175,13.4479375));
#3797=CARTESIAN_POINT('',(-2.74034925084586,-8.62173554994175,13.4479375));
#3798=CARTESIAN_POINT('',(-2.74034925084585,-8.48586777497089,13.4479375));
#3799=CARTESIAN_POINT('',(-2.74034925084586,-8.62173554994176,14.0229375));
#3800=CARTESIAN_POINT('',(-2.74034925084586,-8.62173554994176,14.0229375));
#3801=CARTESIAN_POINT('',(-2.74034925084586,-8.62173554994175,13.4479375));
#3802=CARTESIAN_POINT('Origin',(-6.19034917373235,-8.62173554994171,13.4479375));
#3803=CARTESIAN_POINT('',(-6.19034917373235,-8.62173554994171,13.4479375));
#3804=CARTESIAN_POINT('',(-5.33736208686618,-8.62173554994172,13.4479375));
#3805=CARTESIAN_POINT('',(-6.19034917373235,-8.62173554994171,14.0229375));
#3806=CARTESIAN_POINT('',(-6.19034917373235,-8.62173554994171,14.0229375));
#3807=CARTESIAN_POINT('',(-6.19034917373235,-8.62173554994171,13.4479375));
#3808=CARTESIAN_POINT('Origin',(-6.19034917373234,-8.04673556279396,13.4479375));
#3809=CARTESIAN_POINT('',(-6.19034917373234,-8.19836778139697,13.4479375));
#3810=CARTESIAN_POINT('',(-6.19034917373234,-8.04673556279397,14.0229375));
#3811=CARTESIAN_POINT('Origin',(-4.4653492122891,-8.33423555636786,14.0229375));
#3812=CARTESIAN_POINT('Origin',(-4.484375,-8.35,7.31125));
#3813=CARTESIAN_POINT('Origin',(-4.484375,-8.35,8.17375));
#3814=CARTESIAN_POINT('Origin',(-4.484375,-8.35,13.4479375));
#3815=CARTESIAN_POINT('Origin',(-4.484375,-8.35,7.31125));
#3816=CARTESIAN_POINT('Origin',(-4.484375,-8.35,8.17375));
#3817=CARTESIAN_POINT('Origin',(-4.484375,-8.35,7.31125));
#3818=CARTESIAN_POINT('Origin',(-4.484375,-8.35,8.17375));
#3819=CARTESIAN_POINT('Origin',(-4.484375,-8.35,7.31125));
#3820=CARTESIAN_POINT('Origin',(-5.26491897180671,-8.08629184961324,12.76));
#3821=CARTESIAN_POINT('',(-5.57392304763193,-8.08629184961323,12.76));
#3822=CARTESIAN_POINT('',(-5.26491897180671,-8.08629184961324,12.76));
#3823=CARTESIAN_POINT('',(-4.66370948590335,-8.08629184961324,12.76));
#3824=CARTESIAN_POINT('',(-5.57392304763193,-8.08629184961324,13.26));
#3825=CARTESIAN_POINT('',(-5.57392304763193,-8.08629184961323,12.76));
#3826=CARTESIAN_POINT('',(-5.26491897180671,-8.08629184961324,13.26));
#3827=CARTESIAN_POINT('',(-5.57392304763193,-8.08629184961324,13.26));
#3828=CARTESIAN_POINT('',(-5.26491897180671,-8.08629184961324,12.76));
#3829=CARTESIAN_POINT('Origin',(-5.26491897180672,-8.84004361927514,12.76));
#3830=CARTESIAN_POINT('',(-5.26491897180672,-8.84004361927514,12.76));
#3831=CARTESIAN_POINT('',(-5.26491897180672,-8.59502180963756,12.76));
#3832=CARTESIAN_POINT('',(-5.26491897180672,-8.84004361927514,13.26));
#3833=CARTESIAN_POINT('',(-5.26491897180671,-8.08629184961324,13.26));
#3834=CARTESIAN_POINT('',(-5.26491897180672,-8.84004361927514,12.76));
#3835=CARTESIAN_POINT('Origin',(-4.78265436366196,-8.84004361927514,12.76));
#3836=CARTESIAN_POINT('',(-4.78265436366196,-8.84004361927515,12.76));
#3837=CARTESIAN_POINT('',(-4.42257718183098,-8.84004361927515,12.76));
#3838=CARTESIAN_POINT('',(-4.78265436366196,-8.84004361927515,13.26));
#3839=CARTESIAN_POINT('',(-5.26491897180672,-8.84004361927514,13.26));
#3840=CARTESIAN_POINT('',(-4.78265436366196,-8.84004361927515,12.76));
#3841=CARTESIAN_POINT('Origin',(-4.78265436366196,-9.0862918645144,12.76));
#3842=CARTESIAN_POINT('',(-4.78265436366196,-9.0862918645144,12.76));
#3843=CARTESIAN_POINT('',(-4.78265436366196,-8.7181459322572,12.76));
#3844=CARTESIAN_POINT('',(-4.78265436366197,-9.08629186451441,13.26));
#3845=CARTESIAN_POINT('',(-4.78265436366196,-8.84004361927515,13.26));
#3846=CARTESIAN_POINT('',(-4.78265436366196,-9.0862918645144,12.76));
#3847=CARTESIAN_POINT('Origin',(-5.57392304763194,-9.08629186451439,12.76));
#3848=CARTESIAN_POINT('',(-5.57392304763194,-9.08629186451439,12.76));
#3849=CARTESIAN_POINT('',(-4.81821152381597,-9.0862918645144,12.76));
#3850=CARTESIAN_POINT('',(-5.57392304763194,-9.0862918645144,13.26));
#3851=CARTESIAN_POINT('',(-4.78265436366197,-9.08629186451441,13.26));
#3852=CARTESIAN_POINT('',(-5.57392304763194,-9.08629186451439,12.76));
#3853=CARTESIAN_POINT('Origin',(-5.57392304763193,-8.08629184961323,12.76));
#3854=CARTESIAN_POINT('',(-5.57392304763193,-8.21814592480661,12.76));
#3855=CARTESIAN_POINT('',(-5.57392304763194,-9.0862918645144,13.26));
#3856=CARTESIAN_POINT('Origin',(-4.04595587402578,-8.58629185706384,13.26));
#3857=CARTESIAN_POINT('Origin',(-3.72944818809624,-8.75887028872974,12.76));
#3858=CARTESIAN_POINT('',(-4.00025324895973,-8.67701493203646,12.76));
#3859=CARTESIAN_POINT('',(-3.72944818809624,-8.75887028872974,12.76));
#3860=CARTESIAN_POINT('',(-3.93865391733307,-8.69563435977644,12.76));
#3861=CARTESIAN_POINT('',(-4.00025324895974,-8.67701493203647,13.26));
#3862=CARTESIAN_POINT('',(-4.00025324895973,-8.67701493203646,12.76));
#3863=CARTESIAN_POINT('',(-3.72944818809624,-8.75887028872974,13.26));
#3864=CARTESIAN_POINT('',(-4.00025324895974,-8.67701493203647,13.26));
#3865=CARTESIAN_POINT('',(-3.72944818809624,-8.75887028872974,12.76));
#3866=CARTESIAN_POINT('Ctrl Pts',(-3.81539644673462,-8.94918404519565,12.76));
#3867=CARTESIAN_POINT('Ctrl Pts',(-3.81539644673463,-8.94918404519565,13.26));
#3868=CARTESIAN_POINT('Ctrl Pts',(-3.79694866853348,-8.92128233409834,12.76));
#3869=CARTESIAN_POINT('Ctrl Pts',(-3.79694866853348,-8.92128233409834,13.26));
#3870=CARTESIAN_POINT('Ctrl Pts',(-3.75809553838426,-8.86251814033856,12.76));
#3871=CARTESIAN_POINT('Ctrl Pts',(-3.75809553838426,-8.86251814033856,13.26));
#3872=CARTESIAN_POINT('Ctrl Pts',(-3.73931275506316,-8.79456089057923,12.76));
#3873=CARTESIAN_POINT('Ctrl Pts',(-3.73931275506316,-8.79456089057923,13.26));
#3874=CARTESIAN_POINT('Ctrl Pts',(-3.72944818809624,-8.75887028872974,12.76));
#3875=CARTESIAN_POINT('Ctrl Pts',(-3.72944818809624,-8.75887028872974,13.26));
#3876=CARTESIAN_POINT('',(-3.81539644673462,-8.94918404519565,12.76));
#3877=CARTESIAN_POINT('Ctrl Pts',(-3.72944818809624,-8.75887028872974,12.76));
#3878=CARTESIAN_POINT('Ctrl Pts',(-3.73931275506316,-8.79456089057923,12.76));
#3879=CARTESIAN_POINT('Ctrl Pts',(-3.75809553838426,-8.86251814033856,12.76));
#3880=CARTESIAN_POINT('Ctrl Pts',(-3.79694866853348,-8.92128233409834,12.76));
#3881=CARTESIAN_POINT('Ctrl Pts',(-3.81539644673462,-8.94918404519565,12.76));
#3882=CARTESIAN_POINT('',(-3.81539644673463,-8.94918404519565,13.26));
#3883=CARTESIAN_POINT('Ctrl Pts',(-3.81539644673463,-8.94918404519565,13.26));
#3884=CARTESIAN_POINT('Ctrl Pts',(-3.79694866853348,-8.92128233409834,13.26));
#3885=CARTESIAN_POINT('Ctrl Pts',(-3.75809553838426,-8.86251814033856,13.26));
#3886=CARTESIAN_POINT('Ctrl Pts',(-3.73931275506316,-8.79456089057923,13.26));
#3887=CARTESIAN_POINT('Ctrl Pts',(-3.72944818809624,-8.75887028872974,13.26));
#3888=CARTESIAN_POINT('',(-3.81539644673462,-8.94918404519565,12.76));
#3889=CARTESIAN_POINT('Ctrl Pts',(-3.96103071048852,-9.064463749528,12.76));
#3890=CARTESIAN_POINT('Ctrl Pts',(-3.96103071048852,-9.064463749528,13.26));
#3891=CARTESIAN_POINT('Ctrl Pts',(-3.93319175655555,-9.04990355920971,12.76));
#3892=CARTESIAN_POINT('Ctrl Pts',(-3.93319175655555,-9.04990355920971,13.26));
#3893=CARTESIAN_POINT('Ctrl Pts',(-3.87735269571802,-9.02069889315271,12.76));
#3894=CARTESIAN_POINT('Ctrl Pts',(-3.87735269571803,-9.02069889315271,13.26));
#3895=CARTESIAN_POINT('Ctrl Pts',(-3.83608822650368,-8.97306814903385,12.76));
#3896=CARTESIAN_POINT('Ctrl Pts',(-3.83608822650369,-8.97306814903386,13.26));
#3897=CARTESIAN_POINT('Ctrl Pts',(-3.81539644673462,-8.94918404519565,12.76));
#3898=CARTESIAN_POINT('Ctrl Pts',(-3.81539644673463,-8.94918404519565,13.26));
#3899=CARTESIAN_POINT('',(-3.96103071048852,-9.064463749528,12.76));
#3900=CARTESIAN_POINT('Ctrl Pts',(-3.81539644673462,-8.94918404519565,12.76));
#3901=CARTESIAN_POINT('Ctrl Pts',(-3.83608822650368,-8.97306814903385,12.76));
#3902=CARTESIAN_POINT('Ctrl Pts',(-3.87735269571802,-9.02069889315271,12.76));
#3903=CARTESIAN_POINT('Ctrl Pts',(-3.93319175655555,-9.04990355920971,12.76));
#3904=CARTESIAN_POINT('Ctrl Pts',(-3.96103071048852,-9.064463749528,12.76));
#3905=CARTESIAN_POINT('',(-3.96103071048852,-9.064463749528,13.26));
#3906=CARTESIAN_POINT('Ctrl Pts',(-3.96103071048852,-9.064463749528,13.26));
#3907=CARTESIAN_POINT('Ctrl Pts',(-3.93319175655555,-9.04990355920971,13.26));
#3908=CARTESIAN_POINT('Ctrl Pts',(-3.87735269571803,-9.02069889315271,13.26));
#3909=CARTESIAN_POINT('Ctrl Pts',(-3.83608822650369,-8.97306814903386,13.26));
#3910=CARTESIAN_POINT('Ctrl Pts',(-3.81539644673463,-8.94918404519565,13.26));
#3911=CARTESIAN_POINT('',(-3.96103071048852,-9.064463749528,12.76));
#3912=CARTESIAN_POINT('Ctrl Pts',(-4.18238149955865,-9.10334505140787,12.76));
#3913=CARTESIAN_POINT('Ctrl Pts',(-4.18238149955865,-9.10334505140788,13.26));
#3914=CARTESIAN_POINT('Ctrl Pts',(-4.14111834560149,-9.10237752204374,12.76));
#3915=CARTESIAN_POINT('Ctrl Pts',(-4.14111834560149,-9.10237752204374,13.26));
#3916=CARTESIAN_POINT('Ctrl Pts',(-4.0652647168019,-9.10059892282866,12.76));
#3917=CARTESIAN_POINT('Ctrl Pts',(-4.0652647168019,-9.10059892282867,13.26));
#3918=CARTESIAN_POINT('Ctrl Pts',(-3.9936762176203,-9.07578108347128,12.76));
#3919=CARTESIAN_POINT('Ctrl Pts',(-3.9936762176203,-9.07578108347128,13.26));
#3920=CARTESIAN_POINT('Ctrl Pts',(-3.96103071048852,-9.064463749528,12.76));
#3921=CARTESIAN_POINT('Ctrl Pts',(-3.96103071048852,-9.064463749528,13.26));
#3922=CARTESIAN_POINT('',(-4.18238149955865,-9.10334505140787,12.76));
#3923=CARTESIAN_POINT('Ctrl Pts',(-3.96103071048852,-9.064463749528,12.76));
#3924=CARTESIAN_POINT('Ctrl Pts',(-3.9936762176203,-9.07578108347128,12.76));
#3925=CARTESIAN_POINT('Ctrl Pts',(-4.0652647168019,-9.10059892282866,12.76));
#3926=CARTESIAN_POINT('Ctrl Pts',(-4.14111834560149,-9.10237752204374,12.76));
#3927=CARTESIAN_POINT('Ctrl Pts',(-4.18238149955865,-9.10334505140787,12.76));
#3928=CARTESIAN_POINT('',(-4.18238149955865,-9.10334505140788,13.26));
#3929=CARTESIAN_POINT('Ctrl Pts',(-4.18238149955865,-9.10334505140788,13.26));
#3930=CARTESIAN_POINT('Ctrl Pts',(-4.14111834560149,-9.10237752204374,13.26));
#3931=CARTESIAN_POINT('Ctrl Pts',(-4.0652647168019,-9.10059892282867,13.26));
#3932=CARTESIAN_POINT('Ctrl Pts',(-3.9936762176203,-9.07578108347128,13.26));
#3933=CARTESIAN_POINT('Ctrl Pts',(-3.96103071048852,-9.064463749528,13.26));
#3934=CARTESIAN_POINT('',(-4.18238149955865,-9.10334505140787,12.76));
#3935=CARTESIAN_POINT('Ctrl Pts',(-4.44875249639149,-9.05596919357782,12.76));
#3936=CARTESIAN_POINT('Ctrl Pts',(-4.4487524963915,-9.05596919357783,13.26));
#3937=CARTESIAN_POINT('Ctrl Pts',(-4.40969648243647,-9.06975636802538,12.76));
#3938=CARTESIAN_POINT('Ctrl Pts',(-4.40969648243647,-9.06975636802539,13.26));
#3939=CARTESIAN_POINT('Ctrl Pts',(-4.32364797289039,-9.10013237653025,12.76));
#3940=CARTESIAN_POINT('Ctrl Pts',(-4.32364797289039,-9.10013237653025,13.26));
#3941=CARTESIAN_POINT('Ctrl Pts',(-4.23227937967736,-9.10221027638219,12.76));
#3942=CARTESIAN_POINT('Ctrl Pts',(-4.23227937967736,-9.10221027638219,13.26));
#3943=CARTESIAN_POINT('Ctrl Pts',(-4.18238149955865,-9.10334505140787,12.76));
#3944=CARTESIAN_POINT('Ctrl Pts',(-4.18238149955865,-9.10334505140788,13.26));
#3945=CARTESIAN_POINT('',(-4.44875249639149,-9.05596919357782,12.76));
#3946=CARTESIAN_POINT('Ctrl Pts',(-4.18238149955865,-9.10334505140787,12.76));
#3947=CARTESIAN_POINT('Ctrl Pts',(-4.23227937967736,-9.10221027638219,12.76));
#3948=CARTESIAN_POINT('Ctrl Pts',(-4.32364797289039,-9.10013237653025,12.76));
#3949=CARTESIAN_POINT('Ctrl Pts',(-4.40969648243647,-9.06975636802538,12.76));
#3950=CARTESIAN_POINT('Ctrl Pts',(-4.44875249639149,-9.05596919357782,12.76));
#3951=CARTESIAN_POINT('',(-4.4487524963915,-9.05596919357783,13.26));
#3952=CARTESIAN_POINT('Ctrl Pts',(-4.4487524963915,-9.05596919357783,13.26));
#3953=CARTESIAN_POINT('Ctrl Pts',(-4.40969648243647,-9.06975636802539,13.26));
#3954=CARTESIAN_POINT('Ctrl Pts',(-4.32364797289039,-9.10013237653025,13.26));
#3955=CARTESIAN_POINT('Ctrl Pts',(-4.23227937967736,-9.10221027638219,13.26));
#3956=CARTESIAN_POINT('Ctrl Pts',(-4.18238149955865,-9.10334505140788,13.26));
#3957=CARTESIAN_POINT('',(-4.44875249639149,-9.05596919357782,12.76));
#3958=CARTESIAN_POINT('Ctrl Pts',(-4.62712900713082,-8.88930074870592,12.76));
#3959=CARTESIAN_POINT('Ctrl Pts',(-4.62712900713082,-8.88930074870592,13.26));
#3960=CARTESIAN_POINT('Ctrl Pts',(-4.60202953841497,-8.92554366862037,12.76));
#3961=CARTESIAN_POINT('Ctrl Pts',(-4.60202953841497,-8.92554366862037,13.26));
#3962=CARTESIAN_POINT('Ctrl Pts',(-4.55453577045161,-8.9941233205731,12.76));
#3963=CARTESIAN_POINT('Ctrl Pts',(-4.55453577045161,-8.99412332057311,13.26));
#3964=CARTESIAN_POINT('Ctrl Pts',(-4.48264873060178,-9.03615186219974,12.76));
#3965=CARTESIAN_POINT('Ctrl Pts',(-4.48264873060178,-9.03615186219975,13.26));
#3966=CARTESIAN_POINT('Ctrl Pts',(-4.44875249639149,-9.05596919357782,12.76));
#3967=CARTESIAN_POINT('Ctrl Pts',(-4.4487524963915,-9.05596919357783,13.26));
#3968=CARTESIAN_POINT('',(-4.62712900713082,-8.88930074870592,12.76));
#3969=CARTESIAN_POINT('Ctrl Pts',(-4.44875249639149,-9.05596919357782,12.76));
#3970=CARTESIAN_POINT('Ctrl Pts',(-4.48264873060178,-9.03615186219974,12.76));
#3971=CARTESIAN_POINT('Ctrl Pts',(-4.55453577045161,-8.9941233205731,12.76));
#3972=CARTESIAN_POINT('Ctrl Pts',(-4.60202953841497,-8.92554366862037,12.76));
#3973=CARTESIAN_POINT('Ctrl Pts',(-4.62712900713082,-8.88930074870592,12.76));
#3974=CARTESIAN_POINT('',(-4.62712900713082,-8.88930074870592,13.26));
#3975=CARTESIAN_POINT('Ctrl Pts',(-4.62712900713082,-8.88930074870592,13.26));
#3976=CARTESIAN_POINT('Ctrl Pts',(-4.60202953841497,-8.92554366862037,13.26));
#3977=CARTESIAN_POINT('Ctrl Pts',(-4.55453577045161,-8.99412332057311,13.26));
#3978=CARTESIAN_POINT('Ctrl Pts',(-4.48264873060178,-9.03615186219975,13.26));
#3979=CARTESIAN_POINT('Ctrl Pts',(-4.4487524963915,-9.05596919357783,13.26));
#3980=CARTESIAN_POINT('',(-4.62712900713082,-8.88930074870592,12.76));
#3981=CARTESIAN_POINT('Ctrl Pts',(-4.70216313377018,-8.58390443027025,12.76));
#3982=CARTESIAN_POINT('Ctrl Pts',(-4.70216313377018,-8.58390443027025,13.26));
#3983=CARTESIAN_POINT('Ctrl Pts',(-4.70006094831057,-8.64143705408125,12.76));
#3984=CARTESIAN_POINT('Ctrl Pts',(-4.70006094831057,-8.64143705408126,13.26));
#3985=CARTESIAN_POINT('Ctrl Pts',(-4.69614343455336,-8.74865159323497,12.76));
#3986=CARTESIAN_POINT('Ctrl Pts',(-4.69614343455337,-8.74865159323498,13.26));
#3987=CARTESIAN_POINT('Ctrl Pts',(-4.64898271282249,-8.8447636082233,12.76));
#3988=CARTESIAN_POINT('Ctrl Pts',(-4.6489827128225,-8.84476360822331,13.26));
#3989=CARTESIAN_POINT('Ctrl Pts',(-4.62712900713082,-8.88930074870592,12.76));
#3990=CARTESIAN_POINT('Ctrl Pts',(-4.62712900713082,-8.88930074870592,13.26));
#3991=CARTESIAN_POINT('',(-4.70216313377018,-8.58390443027025,12.76));
#3992=CARTESIAN_POINT('Ctrl Pts',(-4.62712900713082,-8.88930074870592,12.76));
#3993=CARTESIAN_POINT('Ctrl Pts',(-4.64898271282249,-8.8447636082233,12.76));
#3994=CARTESIAN_POINT('Ctrl Pts',(-4.69614343455336,-8.74865159323497,12.76));
#3995=CARTESIAN_POINT('Ctrl Pts',(-4.70006094831057,-8.64143705408125,12.76));
#3996=CARTESIAN_POINT('Ctrl Pts',(-4.70216313377018,-8.58390443027025,12.76));
#3997=CARTESIAN_POINT('',(-4.70216313377018,-8.58390443027025,13.26));
#3998=CARTESIAN_POINT('Ctrl Pts',(-4.70216313377018,-8.58390443027025,13.26));
#3999=CARTESIAN_POINT('Ctrl Pts',(-4.70006094831057,-8.64143705408126,13.26));
#4000=CARTESIAN_POINT('Ctrl Pts',(-4.69614343455337,-8.74865159323498,13.26));
#4001=CARTESIAN_POINT('Ctrl Pts',(-4.6489827128225,-8.84476360822331,13.26));
#4002=CARTESIAN_POINT('Ctrl Pts',(-4.62712900713082,-8.88930074870592,13.26));
#4003=CARTESIAN_POINT('',(-4.70216313377018,-8.58390443027025,12.76));
#4004=CARTESIAN_POINT('Ctrl Pts',(-4.57017133012409,-8.20250943303114,12.76));
#4005=CARTESIAN_POINT('Ctrl Pts',(-4.57017133012409,-8.20250943303114,13.26));
#4006=CARTESIAN_POINT('Ctrl Pts',(-4.60860713776177,-8.25452584351577,12.76));
#4007=CARTESIAN_POINT('Ctrl Pts',(-4.60860713776177,-8.25452584351578,13.26));
#4008=CARTESIAN_POINT('Ctrl Pts',(-4.69196570852649,-8.36733766927952,12.76));
#4009=CARTESIAN_POINT('Ctrl Pts',(-4.6919657085265,-8.36733766927952,13.26));
#4010=CARTESIAN_POINT('Ctrl Pts',(-4.69859210356001,-8.50806504654988,12.76));
#4011=CARTESIAN_POINT('Ctrl Pts',(-4.69859210356002,-8.50806504654989,13.26));
#4012=CARTESIAN_POINT('Ctrl Pts',(-4.70216313377018,-8.58390443027025,12.76));
#4013=CARTESIAN_POINT('Ctrl Pts',(-4.70216313377018,-8.58390443027025,13.26));
#4014=CARTESIAN_POINT('',(-4.57017133012409,-8.20250943303114,12.76));
#4015=CARTESIAN_POINT('Ctrl Pts',(-4.70216313377018,-8.58390443027025,12.76));
#4016=CARTESIAN_POINT('Ctrl Pts',(-4.69859210356001,-8.50806504654988,12.76));
#4017=CARTESIAN_POINT('Ctrl Pts',(-4.69196570852649,-8.36733766927952,12.76));
#4018=CARTESIAN_POINT('Ctrl Pts',(-4.60860713776177,-8.25452584351577,12.76));
#4019=CARTESIAN_POINT('Ctrl Pts',(-4.57017133012409,-8.20250943303114,12.76));
#4020=CARTESIAN_POINT('',(-4.57017133012409,-8.20250943303114,13.26));
#4021=CARTESIAN_POINT('Ctrl Pts',(-4.57017133012409,-8.20250943303114,13.26));
#4022=CARTESIAN_POINT('Ctrl Pts',(-4.60860713776177,-8.25452584351578,13.26));
#4023=CARTESIAN_POINT('Ctrl Pts',(-4.6919657085265,-8.36733766927952,13.26));
#4024=CARTESIAN_POINT('Ctrl Pts',(-4.69859210356002,-8.50806504654989,13.26));
#4025=CARTESIAN_POINT('Ctrl Pts',(-4.70216313377018,-8.58390443027025,13.26));
#4026=CARTESIAN_POINT('',(-4.57017133012409,-8.20250943303114,12.76));
#4027=CARTESIAN_POINT('Ctrl Pts',(-4.19670613482589,-8.06923866271979,12.76));
#4028=CARTESIAN_POINT('Ctrl Pts',(-4.19670613482589,-8.06923866271979,13.26));
#4029=CARTESIAN_POINT('Ctrl Pts',(-4.27079850800898,-8.07304562040363,12.76));
#4030=CARTESIAN_POINT('Ctrl Pts',(-4.27079850800898,-8.07304562040363,13.26));
#4031=CARTESIAN_POINT('Ctrl Pts',(-4.40921537575544,-8.08015765009848,12.76));
#4032=CARTESIAN_POINT('Ctrl Pts',(-4.40921537575544,-8.08015765009848,13.26));
#4033=CARTESIAN_POINT('Ctrl Pts',(-4.51910424497791,-8.16369043474482,12.76));
#4034=CARTESIAN_POINT('Ctrl Pts',(-4.51910424497791,-8.16369043474482,13.26));
#4035=CARTESIAN_POINT('Ctrl Pts',(-4.57017133012409,-8.20250943303114,12.76));
#4036=CARTESIAN_POINT('Ctrl Pts',(-4.57017133012409,-8.20250943303114,13.26));
#4037=CARTESIAN_POINT('',(-4.19670613482589,-8.06923866271979,12.76));
#4038=CARTESIAN_POINT('Ctrl Pts',(-4.57017133012409,-8.20250943303114,12.76));
#4039=CARTESIAN_POINT('Ctrl Pts',(-4.51910424497791,-8.16369043474482,12.76));
#4040=CARTESIAN_POINT('Ctrl Pts',(-4.40921537575544,-8.08015765009848,12.76));
#4041=CARTESIAN_POINT('Ctrl Pts',(-4.27079850800898,-8.07304562040363,12.76));
#4042=CARTESIAN_POINT('Ctrl Pts',(-4.19670613482589,-8.06923866271979,12.76));
#4043=CARTESIAN_POINT('',(-4.19670613482589,-8.06923866271979,13.26));
#4044=CARTESIAN_POINT('Ctrl Pts',(-4.19670613482589,-8.06923866271979,13.26));
#4045=CARTESIAN_POINT('Ctrl Pts',(-4.27079850800898,-8.07304562040363,13.26));
#4046=CARTESIAN_POINT('Ctrl Pts',(-4.40921537575544,-8.08015765009848,13.26));
#4047=CARTESIAN_POINT('Ctrl Pts',(-4.51910424497791,-8.16369043474482,13.26));
#4048=CARTESIAN_POINT('Ctrl Pts',(-4.57017133012409,-8.20250943303114,13.26));
#4049=CARTESIAN_POINT('',(-4.19670613482589,-8.06923866271979,12.76));
#4050=CARTESIAN_POINT('Ctrl Pts',(-3.89963926747436,-8.14563699066645,12.76));
#4051=CARTESIAN_POINT('Ctrl Pts',(-3.89963926747436,-8.14563699066646,13.26));
#4052=CARTESIAN_POINT('Ctrl Pts',(-3.94156009695379,-8.12340596054263,12.76));
#4053=CARTESIAN_POINT('Ctrl Pts',(-3.94156009695379,-8.12340596054263,13.26));
#4054=CARTESIAN_POINT('Ctrl Pts',(-4.03413642695295,-8.07431181792853,12.76));
#4055=CARTESIAN_POINT('Ctrl Pts',(-4.03413642695295,-8.07431181792853,13.26));
#4056=CARTESIAN_POINT('Ctrl Pts',(-4.13921158286899,-8.07103283944281,12.76));
#4057=CARTESIAN_POINT('Ctrl Pts',(-4.13921158286899,-8.07103283944281,13.26));
#4058=CARTESIAN_POINT('Ctrl Pts',(-4.19670613482589,-8.06923866271979,12.76));
#4059=CARTESIAN_POINT('Ctrl Pts',(-4.19670613482589,-8.06923866271979,13.26));
#4060=CARTESIAN_POINT('',(-3.89963926747436,-8.14563699066645,12.76));
#4061=CARTESIAN_POINT('Ctrl Pts',(-4.19670613482589,-8.06923866271979,12.76));
#4062=CARTESIAN_POINT('Ctrl Pts',(-4.13921158286899,-8.07103283944281,12.76));
#4063=CARTESIAN_POINT('Ctrl Pts',(-4.03413642695295,-8.07431181792853,12.76));
#4064=CARTESIAN_POINT('Ctrl Pts',(-3.94156009695379,-8.12340596054263,12.76));
#4065=CARTESIAN_POINT('Ctrl Pts',(-3.89963926747436,-8.14563699066645,12.76));
#4066=CARTESIAN_POINT('',(-3.89963926747436,-8.14563699066646,13.26));
#4067=CARTESIAN_POINT('Ctrl Pts',(-3.89963926747436,-8.14563699066646,13.26));
#4068=CARTESIAN_POINT('Ctrl Pts',(-3.94156009695379,-8.12340596054263,13.26));
#4069=CARTESIAN_POINT('Ctrl Pts',(-4.03413642695295,-8.07431181792853,13.26));
#4070=CARTESIAN_POINT('Ctrl Pts',(-4.13921158286899,-8.07103283944281,13.26));
#4071=CARTESIAN_POINT('Ctrl Pts',(-4.19670613482589,-8.06923866271979,13.26));
#4072=CARTESIAN_POINT('',(-3.89963926747436,-8.14563699066645,12.76));
#4073=CARTESIAN_POINT('Ctrl Pts',(-3.73899804428215,-8.38028915226466,12.76));
#4074=CARTESIAN_POINT('Ctrl Pts',(-3.73899804428215,-8.38028915226466,13.26));
#4075=CARTESIAN_POINT('Ctrl Pts',(-3.75757843347478,-8.33186875732295,12.76));
#4076=CARTESIAN_POINT('Ctrl Pts',(-3.75757843347478,-8.33186875732295,13.26));
#4077=CARTESIAN_POINT('Ctrl Pts',(-3.79257265229963,-8.24067401007581,12.76));
#4078=CARTESIAN_POINT('Ctrl Pts',(-3.79257265229963,-8.24067401007582,13.26));
#4079=CARTESIAN_POINT('Ctrl Pts',(-3.86545448058746,-8.17598090552332,12.76));
#4080=CARTESIAN_POINT('Ctrl Pts',(-3.86545448058747,-8.17598090552332,13.26));
#4081=CARTESIAN_POINT('Ctrl Pts',(-3.89963926747436,-8.14563699066645,12.76));
#4082=CARTESIAN_POINT('Ctrl Pts',(-3.89963926747436,-8.14563699066646,13.26));
#4083=CARTESIAN_POINT('',(-3.73899804428215,-8.38028915226466,12.76));
#4084=CARTESIAN_POINT('Ctrl Pts',(-3.89963926747436,-8.14563699066645,12.76));
#4085=CARTESIAN_POINT('Ctrl Pts',(-3.86545448058746,-8.17598090552332,12.76));
#4086=CARTESIAN_POINT('Ctrl Pts',(-3.79257265229963,-8.24067401007581,12.76));
#4087=CARTESIAN_POINT('Ctrl Pts',(-3.75757843347478,-8.33186875732295,12.76));
#4088=CARTESIAN_POINT('Ctrl Pts',(-3.73899804428215,-8.38028915226466,12.76));
#4089=CARTESIAN_POINT('',(-3.73899804428215,-8.38028915226466,13.26));
#4090=CARTESIAN_POINT('Ctrl Pts',(-3.73899804428215,-8.38028915226466,13.26));
#4091=CARTESIAN_POINT('Ctrl Pts',(-3.75757843347478,-8.33186875732295,13.26));
#4092=CARTESIAN_POINT('Ctrl Pts',(-3.79257265229963,-8.24067401007582,13.26));
#4093=CARTESIAN_POINT('Ctrl Pts',(-3.86545448058747,-8.17598090552332,13.26));
#4094=CARTESIAN_POINT('Ctrl Pts',(-3.89963926747436,-8.14563699066646,13.26));
#4095=CARTESIAN_POINT('',(-3.73899804428215,-8.38028915226466,12.76));
#4096=CARTESIAN_POINT('Origin',(-4.01184933260078,-8.44099856913096,12.76));
#4097=CARTESIAN_POINT('',(-4.01184933260078,-8.44099856913096,12.76));
#4098=CARTESIAN_POINT('',(-4.02633399325992,-8.44422140640449,12.76));
#4099=CARTESIAN_POINT('',(-4.01184933260079,-8.44099856913097,13.26));
#4100=CARTESIAN_POINT('',(-3.73899804428215,-8.38028915226466,13.26));
#4101=CARTESIAN_POINT('',(-4.01184933260078,-8.44099856913096,12.76));
#4102=CARTESIAN_POINT('Ctrl Pts',(-4.04186295345421,-8.3741500228644,12.76));
#4103=CARTESIAN_POINT('Ctrl Pts',(-4.04186295345421,-8.37415002286441,13.26));
#4104=CARTESIAN_POINT('Ctrl Pts',(-4.03642996636615,-8.38309826294152,12.76));
#4105=CARTESIAN_POINT('Ctrl Pts',(-4.03642996636615,-8.38309826294153,13.26));
#4106=CARTESIAN_POINT('Ctrl Pts',(-4.02367430712037,-8.40410709278472,12.76));
#4107=CARTESIAN_POINT('Ctrl Pts',(-4.02367430712037,-8.40410709278473,13.26));
#4108=CARTESIAN_POINT('Ctrl Pts',(-4.01616196246729,-8.42754405534348,12.76));
#4109=CARTESIAN_POINT('Ctrl Pts',(-4.01616196246729,-8.42754405534348,13.26));
#4110=CARTESIAN_POINT('Ctrl Pts',(-4.01184933260078,-8.44099856913096,12.76));
#4111=CARTESIAN_POINT('Ctrl Pts',(-4.01184933260079,-8.44099856913097,13.26));
#4112=CARTESIAN_POINT('',(-4.04186295345421,-8.3741500228644,12.76));
#4113=CARTESIAN_POINT('Ctrl Pts',(-4.01184933260078,-8.44099856913096,12.76));
#4114=CARTESIAN_POINT('Ctrl Pts',(-4.01616196246729,-8.42754405534348,12.76));
#4115=CARTESIAN_POINT('Ctrl Pts',(-4.02367430712037,-8.40410709278472,12.76));
#4116=CARTESIAN_POINT('Ctrl Pts',(-4.03642996636615,-8.38309826294152,12.76));
#4117=CARTESIAN_POINT('Ctrl Pts',(-4.04186295345421,-8.3741500228644,12.76));
#4118=CARTESIAN_POINT('',(-4.04186295345421,-8.37415002286441,13.26));
#4119=CARTESIAN_POINT('Ctrl Pts',(-4.04186295345421,-8.37415002286441,13.26));
#4120=CARTESIAN_POINT('Ctrl Pts',(-4.03642996636615,-8.38309826294153,13.26));
#4121=CARTESIAN_POINT('Ctrl Pts',(-4.02367430712037,-8.40410709278473,13.26));
#4122=CARTESIAN_POINT('Ctrl Pts',(-4.01616196246729,-8.42754405534348,13.26));
#4123=CARTESIAN_POINT('Ctrl Pts',(-4.01184933260079,-8.44099856913097,13.26));
#4124=CARTESIAN_POINT('',(-4.04186295345421,-8.3741500228644,12.76));
#4125=CARTESIAN_POINT('Ctrl Pts',(-4.10530092194671,-8.31957973539835,12.76));
#4126=CARTESIAN_POINT('Ctrl Pts',(-4.10530092194672,-8.31957973539836,13.26));
#4127=CARTESIAN_POINT('Ctrl Pts',(-4.09323157614661,-8.3266927443865,12.76));
#4128=CARTESIAN_POINT('Ctrl Pts',(-4.09323157614661,-8.32669274438651,13.26));
#4129=CARTESIAN_POINT('Ctrl Pts',(-4.06882181436354,-8.34107851622842,12.76));
#4130=CARTESIAN_POINT('Ctrl Pts',(-4.06882181436354,-8.34107851622842,13.26));
#4131=CARTESIAN_POINT('Ctrl Pts',(-4.05091552348981,-8.36304487524663,12.76));
#4132=CARTESIAN_POINT('Ctrl Pts',(-4.05091552348981,-8.36304487524663,13.26));
#4133=CARTESIAN_POINT('Ctrl Pts',(-4.04186295345421,-8.3741500228644,12.76));
#4134=CARTESIAN_POINT('Ctrl Pts',(-4.04186295345421,-8.37415002286441,13.26));
#4135=CARTESIAN_POINT('',(-4.10530092194671,-8.31957973539835,12.76));
#4136=CARTESIAN_POINT('Ctrl Pts',(-4.04186295345421,-8.3741500228644,12.76));
#4137=CARTESIAN_POINT('Ctrl Pts',(-4.05091552348981,-8.36304487524663,12.76));
#4138=CARTESIAN_POINT('Ctrl Pts',(-4.06882181436354,-8.34107851622842,12.76));
#4139=CARTESIAN_POINT('Ctrl Pts',(-4.09323157614661,-8.3266927443865,12.76));
#4140=CARTESIAN_POINT('Ctrl Pts',(-4.10530092194671,-8.31957973539835,12.76));
#4141=CARTESIAN_POINT('',(-4.10530092194672,-8.31957973539836,13.26));
#4142=CARTESIAN_POINT('Ctrl Pts',(-4.10530092194672,-8.31957973539836,13.26));
#4143=CARTESIAN_POINT('Ctrl Pts',(-4.09323157614661,-8.32669274438651,13.26));
#4144=CARTESIAN_POINT('Ctrl Pts',(-4.06882181436354,-8.34107851622842,13.26));
#4145=CARTESIAN_POINT('Ctrl Pts',(-4.05091552348981,-8.36304487524663,13.26));
#4146=CARTESIAN_POINT('Ctrl Pts',(-4.04186295345421,-8.37415002286441,13.26));
#4147=CARTESIAN_POINT('',(-4.10530092194671,-8.31957973539835,12.76));
#4148=CARTESIAN_POINT('Ctrl Pts',(-4.18920265510673,-8.30048017203814,12.76));
#4149=CARTESIAN_POINT('Ctrl Pts',(-4.18920265510673,-8.30048017203814,13.26));
#4150=CARTESIAN_POINT('Ctrl Pts',(-4.17427709684398,-8.30119251707542,12.76));
#4151=CARTESIAN_POINT('Ctrl Pts',(-4.17427709684398,-8.30119251707542,13.26));
#4152=CARTESIAN_POINT('Ctrl Pts',(-4.14516106325599,-8.30258212419541,12.76));
#4153=CARTESIAN_POINT('Ctrl Pts',(-4.14516106325599,-8.30258212419541,13.26));
#4154=CARTESIAN_POINT('Ctrl Pts',(-4.11836210757225,-8.31401003725328,12.76));
#4155=CARTESIAN_POINT('Ctrl Pts',(-4.11836210757226,-8.31401003725329,13.26));
#4156=CARTESIAN_POINT('Ctrl Pts',(-4.10530092194671,-8.31957973539835,12.76));
#4157=CARTESIAN_POINT('Ctrl Pts',(-4.10530092194672,-8.31957973539836,13.26));
#4158=CARTESIAN_POINT('',(-4.18920265510673,-8.30048017203814,12.76));
#4159=CARTESIAN_POINT('Ctrl Pts',(-4.10530092194671,-8.31957973539835,12.76));
#4160=CARTESIAN_POINT('Ctrl Pts',(-4.11836210757225,-8.31401003725328,12.76));
#4161=CARTESIAN_POINT('Ctrl Pts',(-4.14516106325599,-8.30258212419541,12.76));
#4162=CARTESIAN_POINT('Ctrl Pts',(-4.17427709684398,-8.30119251707542,12.76));
#4163=CARTESIAN_POINT('Ctrl Pts',(-4.18920265510673,-8.30048017203814,12.76));
#4164=CARTESIAN_POINT('',(-4.18920265510673,-8.30048017203814,13.26));
#4165=CARTESIAN_POINT('Ctrl Pts',(-4.18920265510673,-8.30048017203814,13.26));
#4166=CARTESIAN_POINT('Ctrl Pts',(-4.17427709684398,-8.30119251707542,13.26));
#4167=CARTESIAN_POINT('Ctrl Pts',(-4.14516106325599,-8.30258212419541,13.26));
#4168=CARTESIAN_POINT('Ctrl Pts',(-4.11836210757226,-8.31401003725329,13.26));
#4169=CARTESIAN_POINT('Ctrl Pts',(-4.10530092194672,-8.31957973539836,13.26));
#4170=CARTESIAN_POINT('',(-4.18920265510673,-8.30048017203814,12.76));
#4171=CARTESIAN_POINT('Ctrl Pts',(-4.35018496587868,-8.38496811687952,12.76));
#4172=CARTESIAN_POINT('Ctrl Pts',(-4.35018496587868,-8.38496811687953,13.26));
#4173=CARTESIAN_POINT('Ctrl Pts',(-4.32930755870845,-8.36032659922943,12.76));
#4174=CARTESIAN_POINT('Ctrl Pts',(-4.32930755870845,-8.36032659922943,13.26));
#4175=CARTESIAN_POINT('Ctrl Pts',(-4.28709526333264,-8.31050360094844,12.76));
#4176=CARTESIAN_POINT('Ctrl Pts',(-4.28709526333265,-8.31050360094844,13.26));
#4177=CARTESIAN_POINT('Ctrl Pts',(-4.22206843664019,-8.30384536815204,12.76));
#4178=CARTESIAN_POINT('Ctrl Pts',(-4.22206843664019,-8.30384536815205,13.26));
#4179=CARTESIAN_POINT('Ctrl Pts',(-4.18920265510673,-8.30048017203814,12.76));
#4180=CARTESIAN_POINT('Ctrl Pts',(-4.18920265510673,-8.30048017203814,13.26));
#4181=CARTESIAN_POINT('',(-4.35018496587868,-8.38496811687952,12.76));
#4182=CARTESIAN_POINT('Ctrl Pts',(-4.18920265510673,-8.30048017203814,12.76));
#4183=CARTESIAN_POINT('Ctrl Pts',(-4.22206843664019,-8.30384536815204,12.76));
#4184=CARTESIAN_POINT('Ctrl Pts',(-4.28709526333264,-8.31050360094844,12.76));
#4185=CARTESIAN_POINT('Ctrl Pts',(-4.32930755870845,-8.36032659922943,12.76));
#4186=CARTESIAN_POINT('Ctrl Pts',(-4.35018496587868,-8.38496811687952,12.76));
#4187=CARTESIAN_POINT('',(-4.35018496587868,-8.38496811687953,13.26));
#4188=CARTESIAN_POINT('Ctrl Pts',(-4.35018496587868,-8.38496811687953,13.26));
#4189=CARTESIAN_POINT('Ctrl Pts',(-4.32930755870845,-8.36032659922943,13.26));
#4190=CARTESIAN_POINT('Ctrl Pts',(-4.28709526333265,-8.31050360094844,13.26));
#4191=CARTESIAN_POINT('Ctrl Pts',(-4.22206843664019,-8.30384536815205,13.26));
#4192=CARTESIAN_POINT('Ctrl Pts',(-4.18920265510673,-8.30048017203814,13.26));
#4193=CARTESIAN_POINT('',(-4.35018496587868,-8.38496811687952,12.76));
#4194=CARTESIAN_POINT('Ctrl Pts',(-4.39247684553261,-8.5818580538035,12.76));
#4195=CARTESIAN_POINT('Ctrl Pts',(-4.39247684553261,-8.5818580538035,13.26));
#4196=CARTESIAN_POINT('Ctrl Pts',(-4.39203635472437,-8.54235108609634,12.76));
#4197=CARTESIAN_POINT('Ctrl Pts',(-4.39203635472438,-8.54235108609635,13.26));
#4198=CARTESIAN_POINT('Ctrl Pts',(-4.39126935126399,-8.47355968256629,12.76));
#4199=CARTESIAN_POINT('Ctrl Pts',(-4.391269351264,-8.47355968256629,13.26));
#4200=CARTESIAN_POINT('Ctrl Pts',(-4.36245234034192,-8.41142064623762,12.76));
#4201=CARTESIAN_POINT('Ctrl Pts',(-4.36245234034192,-8.41142064623762,13.26));
#4202=CARTESIAN_POINT('Ctrl Pts',(-4.35018496587868,-8.38496811687952,12.76));
#4203=CARTESIAN_POINT('Ctrl Pts',(-4.35018496587868,-8.38496811687953,13.26));
#4204=CARTESIAN_POINT('',(-4.39247684553261,-8.5818580538035,12.76));
#4205=CARTESIAN_POINT('Ctrl Pts',(-4.35018496587868,-8.38496811687952,12.76));
#4206=CARTESIAN_POINT('Ctrl Pts',(-4.36245234034192,-8.41142064623762,12.76));
#4207=CARTESIAN_POINT('Ctrl Pts',(-4.39126935126399,-8.47355968256629,12.76));
#4208=CARTESIAN_POINT('Ctrl Pts',(-4.39203635472437,-8.54235108609634,12.76));
#4209=CARTESIAN_POINT('Ctrl Pts',(-4.39247684553261,-8.5818580538035,12.76));
#4210=CARTESIAN_POINT('',(-4.39247684553261,-8.5818580538035,13.26));
#4211=CARTESIAN_POINT('Ctrl Pts',(-4.39247684553261,-8.5818580538035,13.26));
#4212=CARTESIAN_POINT('Ctrl Pts',(-4.39203635472438,-8.54235108609635,13.26));
#4213=CARTESIAN_POINT('Ctrl Pts',(-4.391269351264,-8.47355968256629,13.26));
#4214=CARTESIAN_POINT('Ctrl Pts',(-4.36245234034192,-8.41142064623762,13.26));
#4215=CARTESIAN_POINT('Ctrl Pts',(-4.35018496587868,-8.38496811687953,13.26));
#4216=CARTESIAN_POINT('',(-4.39247684553261,-8.5818580538035,12.76));
#4217=CARTESIAN_POINT('Ctrl Pts',(-4.34199946001168,-8.80976341664797,12.76));
#4218=CARTESIAN_POINT('Ctrl Pts',(-4.34199946001168,-8.80976341664797,13.26));
#4219=CARTESIAN_POINT('Ctrl Pts',(-4.35659361866588,-8.78099595345987,12.76));
#4220=CARTESIAN_POINT('Ctrl Pts',(-4.35659361866588,-8.78099595345988,13.26));
#4221=CARTESIAN_POINT('Ctrl Pts',(-4.39265752820926,-8.70990811518223,12.76));
#4222=CARTESIAN_POINT('Ctrl Pts',(-4.39265752820926,-8.70990811518223,13.26));
#4223=CARTESIAN_POINT('Ctrl Pts',(-4.39254427061957,-8.62964230563931,12.76));
#4224=CARTESIAN_POINT('Ctrl Pts',(-4.39254427061957,-8.62964230563932,13.26));
#4225=CARTESIAN_POINT('Ctrl Pts',(-4.39247684553261,-8.5818580538035,12.76));
#4226=CARTESIAN_POINT('Ctrl Pts',(-4.39247684553261,-8.5818580538035,13.26));
#4227=CARTESIAN_POINT('',(-4.34199946001168,-8.80976341664797,12.76));
#4228=CARTESIAN_POINT('Ctrl Pts',(-4.39247684553261,-8.5818580538035,12.76));
#4229=CARTESIAN_POINT('Ctrl Pts',(-4.39254427061957,-8.62964230563931,12.76));
#4230=CARTESIAN_POINT('Ctrl Pts',(-4.39265752820926,-8.70990811518223,12.76));
#4231=CARTESIAN_POINT('Ctrl Pts',(-4.35659361866588,-8.78099595345987,12.76));
#4232=CARTESIAN_POINT('Ctrl Pts',(-4.34199946001168,-8.80976341664797,12.76));
#4233=CARTESIAN_POINT('',(-4.34199946001168,-8.80976341664797,13.26));
#4234=CARTESIAN_POINT('Ctrl Pts',(-4.34199946001168,-8.80976341664797,13.26));
#4235=CARTESIAN_POINT('Ctrl Pts',(-4.35659361866588,-8.78099595345988,13.26));
#4236=CARTESIAN_POINT('Ctrl Pts',(-4.39265752820926,-8.70990811518223,13.26));
#4237=CARTESIAN_POINT('Ctrl Pts',(-4.39254427061957,-8.62964230563932,13.26));
#4238=CARTESIAN_POINT('Ctrl Pts',(-4.39247684553261,-8.5818580538035,13.26));
#4239=CARTESIAN_POINT('',(-4.34199946001168,-8.80976341664797,12.76));
#4240=CARTESIAN_POINT('Ctrl Pts',(-4.20011671259995,-8.87142144143587,12.76));
#4241=CARTESIAN_POINT('Ctrl Pts',(-4.20011671259995,-8.87142144143588,13.26));
#4242=CARTESIAN_POINT('Ctrl Pts',(-4.22851266787805,-8.86928554946179,12.76));
#4243=CARTESIAN_POINT('Ctrl Pts',(-4.22851266787805,-8.86928554946179,13.26));
#4244=CARTESIAN_POINT('Ctrl Pts',(-4.28313672882023,-8.86517682720836,12.76));
#4245=CARTESIAN_POINT('Ctrl Pts',(-4.28313672882023,-8.86517682720836,13.26));
#4246=CARTESIAN_POINT('Ctrl Pts',(-4.3229046354922,-8.82773929593965,12.76));
#4247=CARTESIAN_POINT('Ctrl Pts',(-4.3229046354922,-8.82773929593965,13.26));
#4248=CARTESIAN_POINT('Ctrl Pts',(-4.34199946001168,-8.80976341664797,12.76));
#4249=CARTESIAN_POINT('Ctrl Pts',(-4.34199946001168,-8.80976341664797,13.26));
#4250=CARTESIAN_POINT('',(-4.20011671259995,-8.87142144143587,12.76));
#4251=CARTESIAN_POINT('Ctrl Pts',(-4.34199946001168,-8.80976341664797,12.76));
#4252=CARTESIAN_POINT('Ctrl Pts',(-4.3229046354922,-8.82773929593965,12.76));
#4253=CARTESIAN_POINT('Ctrl Pts',(-4.28313672882023,-8.86517682720836,12.76));
#4254=CARTESIAN_POINT('Ctrl Pts',(-4.22851266787805,-8.86928554946179,12.76));
#4255=CARTESIAN_POINT('Ctrl Pts',(-4.20011671259995,-8.87142144143587,12.76));
#4256=CARTESIAN_POINT('',(-4.20011671259995,-8.87142144143588,13.26));
#4257=CARTESIAN_POINT('Ctrl Pts',(-4.20011671259995,-8.87142144143588,13.26));
#4258=CARTESIAN_POINT('Ctrl Pts',(-4.22851266787805,-8.86928554946179,13.26));
#4259=CARTESIAN_POINT('Ctrl Pts',(-4.28313672882023,-8.86517682720836,13.26));
#4260=CARTESIAN_POINT('Ctrl Pts',(-4.3229046354922,-8.82773929593965,13.26));
#4261=CARTESIAN_POINT('Ctrl Pts',(-4.34199946001168,-8.80976341664797,13.26));
#4262=CARTESIAN_POINT('',(-4.20011671259995,-8.87142144143587,12.76));
#4263=CARTESIAN_POINT('Ctrl Pts',(-4.06607853248711,-8.82162608206278,12.76));
#4264=CARTESIAN_POINT('Ctrl Pts',(-4.06607853248711,-8.82162608206279,13.26));
#4265=CARTESIAN_POINT('Ctrl Pts',(-4.0840068155577,-8.8361264663305,12.76));
#4266=CARTESIAN_POINT('Ctrl Pts',(-4.0840068155577,-8.83612646633051,13.26));
#4267=CARTESIAN_POINT('Ctrl Pts',(-4.12288402603448,-8.86757033013781,12.76));
#4268=CARTESIAN_POINT('Ctrl Pts',(-4.12288402603448,-8.86757033013781,13.26));
#4269=CARTESIAN_POINT('Ctrl Pts',(-4.17307264789014,-8.87007292298105,12.76));
#4270=CARTESIAN_POINT('Ctrl Pts',(-4.17307264789014,-8.87007292298105,13.26));
#4271=CARTESIAN_POINT('Ctrl Pts',(-4.20011671259995,-8.87142144143587,12.76));
#4272=CARTESIAN_POINT('Ctrl Pts',(-4.20011671259995,-8.87142144143588,13.26));
#4273=CARTESIAN_POINT('',(-4.06607853248711,-8.82162608206278,12.76));
#4274=CARTESIAN_POINT('Ctrl Pts',(-4.20011671259995,-8.87142144143587,12.76));
#4275=CARTESIAN_POINT('Ctrl Pts',(-4.17307264789014,-8.87007292298105,12.76));
#4276=CARTESIAN_POINT('Ctrl Pts',(-4.12288402603448,-8.86757033013781,12.76));
#4277=CARTESIAN_POINT('Ctrl Pts',(-4.0840068155577,-8.8361264663305,12.76));
#4278=CARTESIAN_POINT('Ctrl Pts',(-4.06607853248711,-8.82162608206278,12.76));
#4279=CARTESIAN_POINT('',(-4.06607853248711,-8.82162608206279,13.26));
#4280=CARTESIAN_POINT('Ctrl Pts',(-4.06607853248711,-8.82162608206279,13.26));
#4281=CARTESIAN_POINT('Ctrl Pts',(-4.0840068155577,-8.83612646633051,13.26));
#4282=CARTESIAN_POINT('Ctrl Pts',(-4.12288402603448,-8.86757033013781,13.26));
#4283=CARTESIAN_POINT('Ctrl Pts',(-4.17307264789014,-8.87007292298105,13.26));
#4284=CARTESIAN_POINT('Ctrl Pts',(-4.20011671259995,-8.87142144143588,13.26));
#4285=CARTESIAN_POINT('',(-4.06607853248711,-8.82162608206278,12.76));
#4286=CARTESIAN_POINT('Ctrl Pts',(-4.00025324895973,-8.67701493203646,12.76));
#4287=CARTESIAN_POINT('Ctrl Pts',(-4.00025324895974,-8.67701493203647,13.26));
#4288=CARTESIAN_POINT('Ctrl Pts',(-4.0072649568629,-8.70575468241481,12.76));
#4289=CARTESIAN_POINT('Ctrl Pts',(-4.00726495686291,-8.70575468241482,13.26));
#4290=CARTESIAN_POINT('Ctrl Pts',(-4.02007330569023,-8.75825383856047,12.76));
#4291=CARTESIAN_POINT('Ctrl Pts',(-4.02007330569024,-8.75825383856047,13.26));
#4292=CARTESIAN_POINT('Ctrl Pts',(-4.05174497015044,-8.80188158636308,12.76));
#4293=CARTESIAN_POINT('Ctrl Pts',(-4.05174497015045,-8.80188158636308,13.26));
#4294=CARTESIAN_POINT('Ctrl Pts',(-4.06607853248711,-8.82162608206278,12.76));
#4295=CARTESIAN_POINT('Ctrl Pts',(-4.06607853248711,-8.82162608206279,13.26));
#4296=CARTESIAN_POINT('Ctrl Pts',(-4.06607853248711,-8.82162608206278,12.76));
#4297=CARTESIAN_POINT('Ctrl Pts',(-4.05174497015044,-8.80188158636308,12.76));
#4298=CARTESIAN_POINT('Ctrl Pts',(-4.02007330569023,-8.75825383856047,12.76));
#4299=CARTESIAN_POINT('Ctrl Pts',(-4.0072649568629,-8.70575468241481,12.76));
#4300=CARTESIAN_POINT('Ctrl Pts',(-4.00025324895973,-8.67701493203646,12.76));
#4301=CARTESIAN_POINT('Ctrl Pts',(-4.00025324895974,-8.67701493203647,13.26));
#4302=CARTESIAN_POINT('Ctrl Pts',(-4.00726495686291,-8.70575468241482,13.26));
#4303=CARTESIAN_POINT('Ctrl Pts',(-4.02007330569024,-8.75825383856047,13.26));
#4304=CARTESIAN_POINT('Ctrl Pts',(-4.05174497015045,-8.80188158636308,13.26));
#4305=CARTESIAN_POINT('Ctrl Pts',(-4.06607853248711,-8.82162608206279,13.26));
#4306=CARTESIAN_POINT('Origin',(-4.04595587402578,-8.58629185706384,13.26));
#4307=CARTESIAN_POINT('Origin',(-3.2690118439495,-8.08629184961326,12.76));
#4308=CARTESIAN_POINT('',(-3.57801588252181,-8.08629184961326,12.76));
#4309=CARTESIAN_POINT('',(-3.2690118439495,-8.08629184961326,12.76));
#4310=CARTESIAN_POINT('',(-3.66575592197475,-8.08629184961326,12.76));
#4311=CARTESIAN_POINT('',(-3.57801588252182,-8.08629184961326,13.26));
#4312=CARTESIAN_POINT('',(-3.57801588252181,-8.08629184961326,12.76));
#4313=CARTESIAN_POINT('',(-3.26901184394951,-8.08629184961327,13.26));
#4314=CARTESIAN_POINT('',(-3.57801588252182,-8.08629184961326,13.26));
#4315=CARTESIAN_POINT('',(-3.2690118439495,-8.08629184961326,12.76));
#4316=CARTESIAN_POINT('Origin',(-3.26901184394951,-8.46419088542469,12.76));
#4317=CARTESIAN_POINT('',(-3.26901184394951,-8.46419088542469,12.76));
#4318=CARTESIAN_POINT('',(-3.26901184394951,-8.40709544271235,12.76));
#4319=CARTESIAN_POINT('',(-3.26901184394951,-8.46419088542469,13.26));
#4320=CARTESIAN_POINT('',(-3.26901184394951,-8.08629184961327,13.26));
#4321=CARTESIAN_POINT('',(-3.26901184394951,-8.46419088542469,12.76));
#4322=CARTESIAN_POINT('Origin',(-2.94533135369415,-8.08629184961327,12.76));
#4323=CARTESIAN_POINT('',(-2.94533135369415,-8.08629184961327,12.76));
#4324=CARTESIAN_POINT('',(-3.24685625736748,-8.43832409685001,12.76));
#4325=CARTESIAN_POINT('',(-2.94533135369415,-8.08629184961327,13.26));
#4326=CARTESIAN_POINT('',(-3.26901184394951,-8.46419088542469,13.26));
#4327=CARTESIAN_POINT('',(-2.94533135369415,-8.08629184961327,12.76));
#4328=CARTESIAN_POINT('Origin',(-2.53435971215362,-8.08629184961327,12.76));
#4329=CARTESIAN_POINT('',(-2.53435971215362,-8.08629184961327,12.76));
#4330=CARTESIAN_POINT('',(-3.29842985607681,-8.08629184961326,12.76));
#4331=CARTESIAN_POINT('',(-2.53435971215362,-8.08629184961327,13.26));
#4332=CARTESIAN_POINT('',(-2.94533135369415,-8.08629184961327,13.26));
#4333=CARTESIAN_POINT('',(-2.53435971215362,-8.08629184961327,12.76));
#4334=CARTESIAN_POINT('Origin',(-2.899277228862,-8.46373252570637,12.76));
#4335=CARTESIAN_POINT('',(-2.899277228862,-8.46373252570637,12.76));
#4336=CARTESIAN_POINT('',(-3.15185730739762,-8.72498059203671,12.76));
#4337=CARTESIAN_POINT('',(-2.899277228862,-8.46373252570637,13.26));
#4338=CARTESIAN_POINT('',(-2.53435971215362,-8.08629184961327,13.26));
#4339=CARTESIAN_POINT('',(-2.899277228862,-8.46373252570637,12.76));
#4340=CARTESIAN_POINT('Origin',(-2.51798870041962,-9.08629186451443,12.76));
#4341=CARTESIAN_POINT('',(-2.51798870041962,-9.08629186451443,12.76));
#4342=CARTESIAN_POINT('',(-2.89261230234069,-8.47461486791913,12.76));
#4343=CARTESIAN_POINT('',(-2.51798870041963,-9.08629186451444,13.26));
#4344=CARTESIAN_POINT('',(-2.899277228862,-8.46373252570637,13.26));
#4345=CARTESIAN_POINT('',(-2.51798870041962,-9.08629186451443,12.76));
#4346=CARTESIAN_POINT('Origin',(-2.89852024987336,-9.08629186451443,12.76));
#4347=CARTESIAN_POINT('',(-2.89852024987336,-9.08629186451443,12.76));
#4348=CARTESIAN_POINT('',(-3.48051012493668,-9.08629186451442,12.76));
#4349=CARTESIAN_POINT('',(-2.89852024987336,-9.08629186451443,13.26));
#4350=CARTESIAN_POINT('',(-2.51798870041963,-9.08629186451444,13.26));
#4351=CARTESIAN_POINT('',(-2.89852024987336,-9.08629186451443,12.76));
#4352=CARTESIAN_POINT('Origin',(-3.10937227681275,-8.6750432103873,12.76));
#4353=CARTESIAN_POINT('',(-3.10937227681275,-8.6750432103873,12.76));
#4354=CARTESIAN_POINT('',(-3.27455327720531,-8.35287194608952,12.76));
#4355=CARTESIAN_POINT('',(-3.10937227681275,-8.67504321038731,13.26));
#4356=CARTESIAN_POINT('',(-2.89852024987336,-9.08629186451443,13.26));
#4357=CARTESIAN_POINT('',(-3.10937227681275,-8.6750432103873,12.76));
#4358=CARTESIAN_POINT('Origin',(-3.26901184394951,-8.84227119386203,12.76));
#4359=CARTESIAN_POINT('',(-3.26901184394951,-8.84227119386203,12.76));
#4360=CARTESIAN_POINT('',(-3.33524299273572,-8.91165061936025,12.76));
#4361=CARTESIAN_POINT('',(-3.26901184394952,-8.84227119386204,13.26));
#4362=CARTESIAN_POINT('',(-3.10937227681275,-8.67504321038731,13.26));
#4363=CARTESIAN_POINT('',(-3.26901184394951,-8.84227119386203,12.76));
#4364=CARTESIAN_POINT('Origin',(-3.26901184394952,-9.08629186451442,12.76));
#4365=CARTESIAN_POINT('',(-3.26901184394952,-9.08629186451442,12.76));
#4366=CARTESIAN_POINT('',(-3.26901184394951,-8.71814593225722,12.76));
#4367=CARTESIAN_POINT('',(-3.26901184394952,-9.08629186451443,13.26));
#4368=CARTESIAN_POINT('',(-3.26901184394951,-8.84227119386204,13.26));
#4369=CARTESIAN_POINT('',(-3.26901184394952,-9.08629186451442,12.76));
#4370=CARTESIAN_POINT('Origin',(-3.57801588252183,-9.08629186451442,12.76));
#4371=CARTESIAN_POINT('',(-3.57801588252183,-9.08629186451442,12.76));
#4372=CARTESIAN_POINT('',(-3.82025794126092,-9.08629186451442,12.76));
#4373=CARTESIAN_POINT('',(-3.57801588252183,-9.08629186451442,13.26));
#4374=CARTESIAN_POINT('',(-3.26901184394952,-9.08629186451443,13.26));
#4375=CARTESIAN_POINT('',(-3.57801588252183,-9.08629186451442,12.76));
#4376=CARTESIAN_POINT('Origin',(-3.57801588252181,-8.08629184961326,12.76));
#4377=CARTESIAN_POINT('',(-3.57801588252182,-8.21814592480663,12.76));
#4378=CARTESIAN_POINT('',(-3.57801588252183,-9.08629186451442,13.26));
#4379=CARTESIAN_POINT('Origin',(-4.04595587402578,-8.58629185706384,13.26));
#4380=CARTESIAN_POINT('Origin',(-4.0625,-8.35,12.01));
#4381=CARTESIAN_POINT('',(-1.25,-8.35,12.01));
#4382=CARTESIAN_POINT('Origin',(-4.0625,-8.35,12.01));
#4383=CARTESIAN_POINT('',(-2.,-8.35,12.76));
#4384=CARTESIAN_POINT('Origin',(-2.,-8.35,12.01));
#4385=CARTESIAN_POINT('Origin',(-4.0625,-8.35,12.76));
#4386=CARTESIAN_POINT('Origin',(-4.0625,-8.35,7.42375));
#4387=CARTESIAN_POINT('',(-1.25,-8.35,8.17375));
#4388=CARTESIAN_POINT('',(-1.25,-8.35,7.42375));
#4389=CARTESIAN_POINT('Origin',(-4.0625,-8.35,8.17375));
#4390=CARTESIAN_POINT('Origin',(-4.0625,-8.35,12.76));
#4391=CARTESIAN_POINT('Origin',(-4.0625,-8.35,7.42375));
#4392=CARTESIAN_POINT('',(-0.5,-8.35,8.17375));
#4393=CARTESIAN_POINT('Origin',(-4.0625,-8.35,8.17375));
#4394=CARTESIAN_POINT('',(-0.5,-8.35,7.42375));
#4395=CARTESIAN_POINT('',(-0.5,-8.35,7.42375));
#4396=CARTESIAN_POINT('Origin',(-4.0625,-8.35,7.42375));
#4397=CARTESIAN_POINT('Origin',(-4.0625,-8.35,8.17375));
#4398=CARTESIAN_POINT('Origin',(-4.0625,-8.35,7.42375));
#4399=CARTESIAN_POINT('',(8.00000000000001,-14.,-1.08246744900953E-14));
#4400=CARTESIAN_POINT('',(0.,0.,0.));
#4401=CARTESIAN_POINT('Origin',(-1.84595593863149,-4.58629205499225,12.771732475176));
#4402=CARTESIAN_POINT('',(-1.84595593863156,-10.0120286485963,12.771732475176));
#4403=CARTESIAN_POINT('',(-1.38285961252048,-8.35,12.771732475176));
#4404=CARTESIAN_POINT('Origin',(-4.596875,-8.35,12.771732475176));
#4405=CARTESIAN_POINT('',(-1.84595593863152,-6.68797135140374,12.771732475176));
#4406=CARTESIAN_POINT('',(-1.84595593863149,-4.58629205499225,12.771732475176));
#4407=CARTESIAN_POINT('Origin',(-4.596875,-8.35,12.771732475176));
#4408=CARTESIAN_POINT('Origin',(-1.84595593863139,-7.98629197899633,9.42173255005437));
#4409=CARTESIAN_POINT('',(-1.84595593863142,-10.0510661240599,12.5854375));
#4410=CARTESIAN_POINT('Ctrl Pts',(-1.84595593863142,-10.0510661240599,12.5854375));
#4411=CARTESIAN_POINT('Ctrl Pts',(-1.84595593863142,-10.0510661240599,12.645603197222));
#4412=CARTESIAN_POINT('Ctrl Pts',(-1.84595593863142,-10.0357673760326,12.716162536255));
#4413=CARTESIAN_POINT('Ctrl Pts',(-1.84595593863142,-10.0120974170101,12.7715716643222));
#4414=CARTESIAN_POINT('Ctrl Pts',(-1.84595593863142,-10.012063046463,12.7716520660354));
#4415=CARTESIAN_POINT('Ctrl Pts',(-1.84595593863142,-10.0120286485961,12.771732475176));
#4416=CARTESIAN_POINT('',(-1.84595593863142,-10.0510661240599,8.17375));
#4417=CARTESIAN_POINT('',(-1.84595593863142,-10.0510661240599,7.31125));
#4418=CARTESIAN_POINT('',(-1.84595593863143,-11.3859231023569,8.17375));
#4419=CARTESIAN_POINT('',(-1.84595593863139,-8.16814598949819,8.17375));
#4420=CARTESIAN_POINT('',(-1.84595593863143,-11.3859231023569,7.31125));
#4421=CARTESIAN_POINT('',(-1.84595593863143,-11.3859231023569,7.31125));
#4422=CARTESIAN_POINT('',(-1.84595593863136,-5.31407689764321,7.31125));
#4423=CARTESIAN_POINT('',(-1.84595593863139,-8.16814598949819,7.31125));
#4424=CARTESIAN_POINT('',(-1.84595593863136,-5.31407689764321,8.17375));
#4425=CARTESIAN_POINT('',(-1.84595593863136,-5.31407689764321,7.31125));
#4426=CARTESIAN_POINT('',(-1.84595593863138,-6.64893387594022,8.17375));
#4427=CARTESIAN_POINT('',(-1.84595593863139,-8.16814598949819,8.17375));
#4428=CARTESIAN_POINT('',(-1.84595593863138,-6.64893387594021,12.5854375));
#4429=CARTESIAN_POINT('',(-1.84595593863137,-6.64893387594022,7.31125));
#4430=CARTESIAN_POINT('Ctrl Pts',(-1.84595593863138,-6.68797135140393,12.7717324751759));
#4431=CARTESIAN_POINT('Ctrl Pts',(-1.84595593863138,-6.68793695353702,12.7716520660354));
#4432=CARTESIAN_POINT('Ctrl Pts',(-1.84595593863138,-6.68790258298997,12.7715716643222));
#4433=CARTESIAN_POINT('Ctrl Pts',(-1.84595593863138,-6.66423262396751,12.716162536255));
#4434=CARTESIAN_POINT('Ctrl Pts',(-1.84595593863138,-6.64893387594021,12.645603197222));
#4435=CARTESIAN_POINT('Ctrl Pts',(-1.84595593863138,-6.64893387594021,12.5854375));
#4436=CARTESIAN_POINT('Origin',(-4.596875,-8.35,12.5854375));
#4437=CARTESIAN_POINT('',(-2.225,-8.35,13.4479375));
#4438=CARTESIAN_POINT('Origin',(-2.225,-8.35,12.5854375));
#4439=CARTESIAN_POINT('Origin',(-4.596875,-8.35,13.4479375));
#4440=CARTESIAN_POINT('Origin',(-4.596875,-8.35,12.5854375));
#4441=CARTESIAN_POINT('Origin',(-4.63534955948156,-8.33423576684933,14.0229375));
#4442=CARTESIAN_POINT('',(-4.00284957361903,-7.93173577584591,14.0229375));
#4443=CARTESIAN_POINT('',(-2.85284959932353,-7.93173577584593,14.0229375));
#4444=CARTESIAN_POINT('',(-3.74409957940254,-7.93173577584592,14.0229375));
#4445=CARTESIAN_POINT('',(-4.00284957361901,-6.89673579897996,14.0229375));
#4446=CARTESIAN_POINT('',(-4.00284957361903,-8.13298577134762,14.0229375));
#4447=CARTESIAN_POINT('',(-5.15284954791451,-6.89673579897995,14.0229375));
#4448=CARTESIAN_POINT('',(-4.31909956655028,-6.89673579897996,14.0229375));
#4449=CARTESIAN_POINT('',(-5.15284954791453,-7.9317357758459,14.0229375));
#4450=CARTESIAN_POINT('',(-5.15284954791452,-7.61548578291464,14.0229375));
#4451=CARTESIAN_POINT('',(-6.41784951963957,-7.93173577584588,14.0229375));
#4452=CARTESIAN_POINT('',(-4.89409955369804,-7.9317357758459,14.0229375));
#4453=CARTESIAN_POINT('',(-6.41784951963958,-8.85173575528228,14.0229375));
#4454=CARTESIAN_POINT('',(-6.41784951963957,-8.13298577134759,14.0229375));
#4455=CARTESIAN_POINT('',(-5.15284954791454,-8.8517357552823,14.0229375));
#4456=CARTESIAN_POINT('',(-5.52659953956057,-8.85173575528229,14.0229375));
#4457=CARTESIAN_POINT('',(-5.15284954791455,-9.77173573471869,14.0229375));
#4458=CARTESIAN_POINT('',(-5.15284954791453,-8.59298576106581,14.0229375));
#4459=CARTESIAN_POINT('',(-4.00284957361905,-9.77173573471871,14.0229375));
#4460=CARTESIAN_POINT('',(-4.89409955369806,-9.7717357347187,14.0229375));
#4461=CARTESIAN_POINT('',(-4.00284957361904,-8.85173575528231,14.0229375));
#4462=CARTESIAN_POINT('',(-4.00284957361904,-9.05298575078402,14.0229375));
#4463=CARTESIAN_POINT('',(-2.85284959932354,-8.85173575528233,14.0229375));
#4464=CARTESIAN_POINT('',(-4.3190995665503,-8.85173575528231,14.0229375));
#4465=CARTESIAN_POINT('',(-2.85284959932354,-8.59298576106584,14.0229375));
#4466=CARTESIAN_POINT('Origin',(-5.15284954791453,-8.85173575528229,13.4479375));
#4467=CARTESIAN_POINT('',(-5.15284954791453,-8.85173575528229,13.4479375));
#4468=CARTESIAN_POINT('',(-5.15284954791453,-8.85173575528229,13.4479375));
#4469=CARTESIAN_POINT('',(-5.15284954791455,-9.77173573471869,13.4479375));
#4470=CARTESIAN_POINT('',(-5.15284954791453,-8.60086787764114,13.4479375));
#4471=CARTESIAN_POINT('',(-5.15284954791455,-9.77173573471869,13.4479375));
#4472=CARTESIAN_POINT('Origin',(-6.41784951963958,-8.85173575528228,13.4479375));
#4473=CARTESIAN_POINT('',(-6.41784951963958,-8.85173575528228,13.4479375));
#4474=CARTESIAN_POINT('',(-6.41784951963958,-8.85173575528228,13.4479375));
#4475=CARTESIAN_POINT('',(-5.50736225981979,-8.85173575528229,13.4479375));
#4476=CARTESIAN_POINT('Origin',(-6.41784951963957,-7.93173577584588,13.4479375));
#4477=CARTESIAN_POINT('',(-6.41784951963957,-7.93173577584588,13.4479375));
#4478=CARTESIAN_POINT('',(-6.41784951963957,-7.93173577584588,13.4479375));
#4479=CARTESIAN_POINT('',(-6.41784951963957,-8.14086788792293,13.4479375));
#4480=CARTESIAN_POINT('Origin',(-5.15284954791452,-7.93173577584589,13.4479375));
#4481=CARTESIAN_POINT('',(-5.15284954791452,-7.93173577584589,13.4479375));
#4482=CARTESIAN_POINT('',(-5.15284954791452,-7.93173577584589,13.4479375));
#4483=CARTESIAN_POINT('',(-4.87486227395726,-7.9317357758459,13.4479375));
#4484=CARTESIAN_POINT('Origin',(-5.15284954791451,-6.89673579897995,13.4479375));
#4485=CARTESIAN_POINT('',(-5.15284954791451,-6.89673579897995,13.4479375));
#4486=CARTESIAN_POINT('',(-5.15284954791451,-6.89673579897995,13.4479375));
#4487=CARTESIAN_POINT('',(-5.15284954791452,-7.62336789948997,13.4479375));
#4488=CARTESIAN_POINT('Origin',(-4.00284957361901,-6.89673579897996,13.4479375));
#4489=CARTESIAN_POINT('',(-4.00284957361901,-6.89673579897996,13.4479375));
#4490=CARTESIAN_POINT('',(-4.00284957361901,-6.89673579897996,13.4479375));
#4491=CARTESIAN_POINT('',(-4.2998622868095,-6.89673579897996,13.4479375));
#4492=CARTESIAN_POINT('Origin',(-2.85284959932354,-8.85173575528232,13.4479375));
#4493=CARTESIAN_POINT('',(-2.85284959932354,-8.85173575528232,13.4479375));
#4494=CARTESIAN_POINT('',(-2.85284959932354,-8.85173575528232,13.4479375));
#4495=CARTESIAN_POINT('',(-2.85284959932353,-7.93173577584592,13.4479375));
#4496=CARTESIAN_POINT('',(-2.85284959932354,-8.60086787764117,13.4479375));
#4497=CARTESIAN_POINT('',(-2.85284959932353,-7.93173577584592,13.4479375));
#4498=CARTESIAN_POINT('Origin',(-4.00284957361904,-8.85173575528231,13.4479375));
#4499=CARTESIAN_POINT('',(-4.00284957361904,-8.85173575528231,13.4479375));
#4500=CARTESIAN_POINT('',(-4.00284957361904,-8.85173575528231,13.4479375));
#4501=CARTESIAN_POINT('',(-4.29986228680952,-8.85173575528231,13.4479375));
#4502=CARTESIAN_POINT('Origin',(-4.00284957361905,-9.7717357347187,13.4479375));
#4503=CARTESIAN_POINT('',(-4.00284957361905,-9.7717357347187,13.4479375));
#4504=CARTESIAN_POINT('',(-4.00284957361905,-9.7717357347187,13.4479375));
#4505=CARTESIAN_POINT('',(-4.00284957361904,-9.06086786735936,13.4479375));
#4506=CARTESIAN_POINT('Origin',(-5.15284954791455,-9.77173573471869,13.4479375));
#4507=CARTESIAN_POINT('',(-4.87486227395728,-9.77173573471869,13.4479375));
#4508=CARTESIAN_POINT('Origin',(-4.00284957361903,-7.93173577584591,13.4479375));
#4509=CARTESIAN_POINT('',(-4.00284957361903,-7.93173577584591,13.4479375));
#4510=CARTESIAN_POINT('',(-4.00284957361903,-7.93173577584591,13.4479375));
#4511=CARTESIAN_POINT('',(-4.00284957361903,-8.14086788792296,13.4479375));
#4512=CARTESIAN_POINT('Origin',(-2.85284959932353,-7.93173577584592,13.4479375));
#4513=CARTESIAN_POINT('',(-3.72486229966176,-7.93173577584591,13.4479375));
#4514=CARTESIAN_POINT('Origin',(-4.596875,-8.35,7.31125));
#4515=CARTESIAN_POINT('Origin',(-4.596875,-8.35,8.17375));
#4516=CARTESIAN_POINT('Origin',(-4.596875,-8.35,13.4479375));
#4517=CARTESIAN_POINT('Origin',(-4.596875,-8.35,7.31125));
#4518=CARTESIAN_POINT('Origin',(-4.596875,-8.35,8.17375));
#4519=CARTESIAN_POINT('Origin',(-4.596875,-8.35,7.31125));
#4520=CARTESIAN_POINT('Origin',(-4.596875,-8.35,8.17375));
#4521=CARTESIAN_POINT('Origin',(-4.596875,-8.35,7.31125));
#4522=CARTESIAN_POINT('Origin',(-10.7999997586012,1.39999996870756,1.6));
#4523=CARTESIAN_POINT('',(-11.8999997340143,1.39999996870756,9.6));
#4524=CARTESIAN_POINT('Origin',(-10.7999997586012,1.39999996870756,9.6));
#4525=CARTESIAN_POINT('',(-11.8999997340143,1.39999996870756,1.6));
#4526=CARTESIAN_POINT('',(-11.8999997340143,1.39999996870756,1.6));
#4527=CARTESIAN_POINT('Origin',(-10.7999997586012,1.39999996870756,1.6));
#4528=CARTESIAN_POINT('Origin',(-10.7999997586012,1.39999996870756,9.6));
#4529=CARTESIAN_POINT('Origin',(-10.7999997586012,1.39999996870756,1.6));
#4530=CARTESIAN_POINT('',(0.,0.,0.));
#4531=CARTESIAN_POINT('',(4.04595593863153,11.5862919655851,0.928267218605134));
#4532=CARTESIAN_POINT('',(12.5459559386315,8.48629196558526,0.928267218605117));
#4533=UNCERTAINTY_MEASURE_WITH_UNIT(LENGTH_MEASURE(0.01),#4545,
'DISTANCE_ACCURACY_VALUE',
'Maximum model space distance between geometric entities at asserted c
onnectivities');
#4534=UNCERTAINTY_MEASURE_WITH_UNIT(LENGTH_MEASURE(0.01),#4545,
'DISTANCE_ACCURACY_VALUE',
'Maximum model space distance between geometric entities at asserted c
onnectivities');
#4535=UNCERTAINTY_MEASURE_WITH_UNIT(LENGTH_MEASURE(0.01),#4545,
'DISTANCE_ACCURACY_VALUE',
'Maximum model space distance between geometric entities at asserted c
onnectivities');
#4536=UNCERTAINTY_MEASURE_WITH_UNIT(LENGTH_MEASURE(0.01),#4545,
'DISTANCE_ACCURACY_VALUE',
'Maximum model space distance between geometric entities at asserted c
onnectivities');
#4537=UNCERTAINTY_MEASURE_WITH_UNIT(LENGTH_MEASURE(0.01),#4545,
'DISTANCE_ACCURACY_VALUE',
'Maximum model space distance between geometric entities at asserted c
onnectivities');
#4538=UNCERTAINTY_MEASURE_WITH_UNIT(LENGTH_MEASURE(0.01),#4545,
'DISTANCE_ACCURACY_VALUE',
'Maximum model space distance between geometric entities at asserted c
onnectivities');
#4539=(
GEOMETRIC_REPRESENTATION_CONTEXT(3)
GLOBAL_UNCERTAINTY_ASSIGNED_CONTEXT((#4533))
GLOBAL_UNIT_ASSIGNED_CONTEXT((#4545,#4547,#4548))
REPRESENTATION_CONTEXT('','3D')
);
#4540=(
GEOMETRIC_REPRESENTATION_CONTEXT(3)
GLOBAL_UNCERTAINTY_ASSIGNED_CONTEXT((#4534))
GLOBAL_UNIT_ASSIGNED_CONTEXT((#4545,#4547,#4548))
REPRESENTATION_CONTEXT('','3D')
);
#4541=(
GEOMETRIC_REPRESENTATION_CONTEXT(3)
GLOBAL_UNCERTAINTY_ASSIGNED_CONTEXT((#4535))
GLOBAL_UNIT_ASSIGNED_CONTEXT((#4545,#4547,#4548))
REPRESENTATION_CONTEXT('','3D')
);
#4542=(
GEOMETRIC_REPRESENTATION_CONTEXT(3)
GLOBAL_UNCERTAINTY_ASSIGNED_CONTEXT((#4536))
GLOBAL_UNIT_ASSIGNED_CONTEXT((#4545,#4547,#4548))
REPRESENTATION_CONTEXT('','3D')
);
#4543=(
GEOMETRIC_REPRESENTATION_CONTEXT(3)
GLOBAL_UNCERTAINTY_ASSIGNED_CONTEXT((#4537))
GLOBAL_UNIT_ASSIGNED_CONTEXT((#4545,#4547,#4548))
REPRESENTATION_CONTEXT('','3D')
);
#4544=(
GEOMETRIC_REPRESENTATION_CONTEXT(3)
GLOBAL_UNCERTAINTY_ASSIGNED_CONTEXT((#4538))
GLOBAL_UNIT_ASSIGNED_CONTEXT((#4545,#4547,#4548))
REPRESENTATION_CONTEXT('','3D')
);
#4545=(
LENGTH_UNIT()
NAMED_UNIT(*)
SI_UNIT(.MILLI.,.METRE.)
);
#4546=(
LENGTH_UNIT()
NAMED_UNIT(*)
SI_UNIT($,.METRE.)
);
#4547=(
NAMED_UNIT(*)
PLANE_ANGLE_UNIT()
SI_UNIT($,.RADIAN.)
);
#4548=(
NAMED_UNIT(*)
SI_UNIT($,.STERADIAN.)
SOLID_ANGLE_UNIT()
);
#4549=SHAPE_DEFINITION_REPRESENTATION(#4554,#4563);
#4550=SHAPE_DEFINITION_REPRESENTATION(#4555,#4564);
#4551=SHAPE_DEFINITION_REPRESENTATION(#4556,#4565);
#4552=SHAPE_DEFINITION_REPRESENTATION(#4557,#4566);
#4553=SHAPE_DEFINITION_REPRESENTATION(#4559,#4567);
#4554=PRODUCT_DEFINITION_SHAPE('',$,#4569);
#4555=PRODUCT_DEFINITION_SHAPE('',$,#4570);
#4556=PRODUCT_DEFINITION_SHAPE('',$,#4571);
#4557=PRODUCT_DEFINITION_SHAPE('',$,#4572);
#4558=PRODUCT_DEFINITION_SHAPE($,$,#23);
#4559=PRODUCT_DEFINITION_SHAPE('',$,#4573);
#4560=PRODUCT_DEFINITION_SHAPE($,$,#24);
#4561=PRODUCT_DEFINITION_SHAPE($,$,#25);
#4562=PRODUCT_DEFINITION_SHAPE($,$,#26);
#4563=SHAPE_REPRESENTATION('',(#2605,#2793,#2794,#2795),#4539);
#4564=SHAPE_REPRESENTATION('',(#2606),#4540);
#4565=SHAPE_REPRESENTATION('',(#2699,#2757),#4541);
#4566=SHAPE_REPRESENTATION('',(#2700),#4542);
#4567=SHAPE_REPRESENTATION('',(#2758),#4543);
#4568=PRODUCT_DEFINITION_CONTEXT('part definition',#4585,'design');
#4569=PRODUCT_DEFINITION('2026-08-31-19-25-29-335','Module Case',#4574,
#4568);
#4570=PRODUCT_DEFINITION('2026-08-31-19-25-29-342','Case',#4575,#4568);
#4571=PRODUCT_DEFINITION('2026-08-31-15-46-05-169','Button Cap (1)',#4576,
#4568);
#4572=PRODUCT_DEFINITION('2026-08-31-15-46-35-993','Button Cap (2)',#4577,
#4568);
#4573=PRODUCT_DEFINITION('2026-08-31-19-25-29-343','Button Cap',#4578,#4568);
#4574=PRODUCT_DEFINITION_FORMATION('',$,#4587);
#4575=PRODUCT_DEFINITION_FORMATION('',$,#4588);
#4576=PRODUCT_DEFINITION_FORMATION('',$,#4589);
#4577=PRODUCT_DEFINITION_FORMATION('',$,#4590);
#4578=PRODUCT_DEFINITION_FORMATION('',$,#4591);
#4579=PRODUCT_RELATED_PRODUCT_CATEGORY('Module Case','Module Case',(#4587));
#4580=PRODUCT_RELATED_PRODUCT_CATEGORY('Case','Case',(#4588));
#4581=PRODUCT_RELATED_PRODUCT_CATEGORY('Button Cap (1)',
'Button Cap (1)',(#4589));
#4582=PRODUCT_RELATED_PRODUCT_CATEGORY('Button Cap (2)',
'Button Cap (2)',(#4590));
#4583=PRODUCT_RELATED_PRODUCT_CATEGORY('Button Cap','Button Cap',(#4591));
#4584=APPLICATION_PROTOCOL_DEFINITION('international standard',
'automotive_design',2009,#4585);
#4585=APPLICATION_CONTEXT(
'Core Data for Automotive Mechanical Design Process');
#4586=PRODUCT_CONTEXT('part definition',#4585,'mechanical');
#4587=PRODUCT('2026-08-31-19-25-29-335','Module Case',
'KiCad electronic assembly',(#4586));
#4588=PRODUCT('2026-08-31-19-25-29-342','Case',$,(#4586));
#4589=PRODUCT('2026-08-31-15-46-05-169','Button Cap (1)',$,(#4586));
#4590=PRODUCT('2026-08-31-15-46-35-993','Button Cap (2)',$,(#4586));
#4591=PRODUCT('2026-08-31-19-25-29-343','Button Cap',$,(#4586));
#4592=PRESENTATION_STYLE_ASSIGNMENT((#4593));
#4593=SURFACE_STYLE_USAGE(.BOTH.,#4594);
#4594=SURFACE_SIDE_STYLE('',(#4595));
#4595=SURFACE_STYLE_FILL_AREA(#4596);
#4596=FILL_AREA_STYLE('Steel - Satin',(#4597));
#4597=FILL_AREA_STYLE_COLOUR('Steel - Satin',#4598);
#4598=COLOUR_RGB('Steel - Satin',0.627450980392157,0.627450980392157,0.627450980392157);
ENDSEC;
END-ISO-10303-21;
